"Region";"V�ldsbrott 2015";"V�ldsbrott 2014";"V�ldsbrott 2013";"V�ldsbrott 2012";"V�ldsbrott 2011";"V�ldsbrott 2010";"V�ldsbrott 2009";"V�ldsbrott 2008";"V�ldsbrott 2007";"V�ldsbrott 2006";"V�ldsbrott 2005";"V�ldsbrott 2004";"V�ldsbrott 2003";"V�ldsbrott 2002";"V�ldsbrott 2001";"V�ldsbrott 2000";"V�ldsbrott 1999";"V�ldsbrott 1998";"V�ldsbrott 1997";"V�ldsbrott 1996";"V�ldsbrott 1995";"V�ldsbrott 1994";"V�ldsbrott 1993";"V�ldsbrott 1992";"V�ldsbrott 1991";"V�ldsbrott 1990";"�vriga brott 2015";"�vriga brott 2014";"�vriga brott 2013";"�vriga brott 2012";"�vriga brott 2011";"�vriga brott 2010";"�vriga brott 2009";"�vriga brott 2008";"�vriga brott 2007";"�vriga brott 2006";"�vriga brott 2005";"�vriga brott 2004";"�vriga brott 2003";"�vriga brott 2002";"�vriga brott 2001";"�vriga brott 2000";"�vriga brott 1999";"�vriga brott 1998";"�vriga brott 1997";"�vriga brott 1996";"�vriga brott 1995";"�vriga brott 1994";"�vriga brott 1993";"�vriga brott 1992";"�vriga brott 1991";"�vriga brott 1990";"Totalt 2015";"Totalt 2014";"Totalt 2013";"Totalt 2012";"Totalt 2011";"Totalt 2010";"Totalt 2009";"Totalt 2008";"Totalt 2007";"Totalt 2006";"Totalt 2005";"Totalt 2004";"Totalt 2003";"Totalt 2002";"Totalt 2001";"Totalt 2000";"Totalt 1999";"Totalt 1998";"Totalt 1997";"Totalt 1996";"Totalt 1995";"Totalt 1994";"Totalt 1993";"Totalt 1992";"Totalt 1991";"Totalt 1990"
"0114 Upplands V�sby";141;122;131;147;160;120;153;147;198;142;116;130;126;124;104;112;109;110;104;102;..;..;..;..;..;..;1373;1213;1051;1056;1150;1314;1302;1605;1415;1430;1394;1351;1431;1355;1276;1280;1320;1227;1435;1278;..;..;..;..;..;..;1514;1335;1182;1203;1310;1434;1455;1752;1613;1572;1510;1481;1557;1479;1380;1392;1429;1337;1539;1380;..;..;..;..;..;..
"0115 Vallentuna";80;76;86;81;75;88;109;89;91;73;59;44;64;66;71;49;68;54;39;38;..;..;..;..;..;..;980;821;680;756;734;809;930;952;866;888;732;730;812;821;1057;849;758;754;684;657;..;..;..;..;..;..;1060;897;766;837;809;897;1039;1041;957;961;791;774;876;887;1128;898;826;808;723;695;..;..;..;..;..;..
"0117 �ster�ker";74;79;77;89;85;95;85;81;92;83;103;67;66;75;74;82;77;70;69;68;..;..;..;..;..;..;804;912;930;881;855;870;903;927;1001;962;929;969;1207;1029;1067;1013;881;854;826;896;..;..;..;..;..;..;878;991;1007;970;940;965;988;1008;1093;1045;1032;1036;1273;1104;1141;1095;958;924;895;964;..;..;..;..;..;..
"0120 V�rmd�";84;80;83;90;86;95;104;90;82;81;68;50;46;56;64;57;70;64;52;73;..;..;..;..;..;..;928;887;854;954;1045;811;925;952;896;922;891;792;809;769;864;937;1027;968;895;866;..;..;..;..;..;..;1012;967;937;1044;1131;906;1029;1042;978;1003;959;842;855;825;928;994;1097;1032;947;939;..;..;..;..;..;..
"0123 J�rf�lla";113;110;111;129;119;125;131;120;104;110;106;92;95;95;98;97;87;95;76;77;..;..;..;..;..;..;1302;1221;1189;1096;1111;1145;1125;1127;1004;1100;1110;2028;1223;1240;1120;1026;1081;1149;1280;1267;..;..;..;..;..;..;1415;1331;1300;1225;1230;1270;1256;1247;1108;1210;1216;2120;1318;1335;1218;1123;1168;1244;1356;1344;..;..;..;..;..;..
"0125 Eker�";63;45;64;69;67;61;56;57;71;44;37;48;42;46;48;46;55;48;44;49;..;..;..;..;..;..;630;599;731;737;710;691;677;705;632;778;802;672;689;699;632;668;672;547;705;623;..;..;..;..;..;..;693;644;795;806;777;752;733;762;703;822;839;720;731;745;680;714;727;595;749;672;..;..;..;..;..;..
"0126 Huddinge";126;127;133;132;149;131;138;143;134;130;138;128;123;128;122;120;126;116;107;104;..;..;..;..;..;..;1433;1330;1291;1334;1380;1355;1428;1515;1452;1493;1713;1532;1485;1534;1448;1339;1328;1283;1349;1209;..;..;..;..;..;..;1559;1457;1424;1466;1529;1486;1566;1658;1586;1623;1851;1660;1608;1662;1570;1459;1454;1399;1456;1313;..;..;..;..;..;..
"0127 Botkyrka";157;156;159;176;158;141;157;156;154;131;136;137;143;154;148;150;143;154;170;141;..;..;..;..;..;..;1354;1305;1244;1289;1236;1225;1325;1265;1295;1233;1259;1230;1336;1347;1344;1377;1226;1347;1608;1377;..;..;..;..;..;..;1511;1461;1403;1465;1394;1366;1482;1421;1449;1364;1395;1367;1479;1501;1492;1527;1369;1501;1778;1518;..;..;..;..;..;..
"0128 Salem";69;103;70;102;89;97;110;112;108;98;92;99;77;75;56;62;78;63;59;64;..;..;..;..;..;..;1027;964;1022;1062;1029;925;1008;1199;1050;902;873;886;930;1006;886;963;812;869;977;992;..;..;..;..;..;..;1096;1067;1092;1164;1118;1022;1118;1311;1158;1000;965;985;1007;1081;942;1025;890;932;1036;1056;..;..;..;..;..;..
"0136 Haninge";146;128;123;152;159;164;161;161;159;153;144;131;130;121;108;116;135;139;141;128;..;..;..;..;..;..;1415;1106;1150;1360;1266;1414;1555;1403;1373;1300;1184;1248;1308;1328;1168;1239;1254;1269;1404;1334;..;..;..;..;..;..;1561;1234;1273;1512;1425;1578;1716;1564;1532;1453;1328;1379;1438;1449;1276;1355;1389;1408;1545;1462;..;..;..;..;..;..
"0138 Tyres�";76;75;95;86;90;85;100;95;96;88;75;66;73;72;58;56;80;75;85;84;..;..;..;..;..;..;1032;826;907;975;926;1140;1044;1000;945;858;811;881;1023;983;1025;978;1050;1105;1049;850;..;..;..;..;..;..;1108;901;1002;1061;1016;1225;1144;1095;1041;946;886;947;1096;1055;1083;1034;1130;1180;1134;934;..;..;..;..;..;..
"0139 Upplands-Bro";120;129;105;116;112;156;136;130;150;126;111;110;110;101;87;99;88;106;83;87;..;..;..;..;..;..;1324;1066;1019;1076;1109;1114;1230;1390;1202;1196;1350;1260;1095;1051;1046;1057;974;890;1074;937;..;..;..;..;..;..;1444;1195;1124;1192;1221;1270;1366;1520;1352;1322;1461;1370;1205;1152;1133;1156;1062;996;1157;1024;..;..;..;..;..;..
"0140 Nykvarn";51;37;52;53;69;39;57;56;58;70;82;48;51;40;38;.;.;.;.;.;.;.;.;.;.;.;640;653;711;664;764;653;671;647;671;788;847;761;667;778;766;.;.;.;.;.;.;.;.;.;.;.;691;690;763;717;833;692;728;703;729;858;929;809;718;818;804;.;.;.;.;.;.;.;.;.;.;.
"0160 T�by";66;59;59;64;70;66;72;69;75;76;68;65;58;57;47;51;54;50;40;50;..;..;..;..;..;..;1065;929;997;892;984;1000;998;999;962;1012;907;944;943;866;987;890;753;846;826;827;..;..;..;..;..;..;1131;988;1056;956;1054;1066;1070;1068;1037;1088;975;1009;1001;923;1034;941;807;896;866;877;..;..;..;..;..;..
"0162 Danderyd";70;52;41;58;56;62;50;71;44;61;49;45;51;53;40;42;43;40;47;37;..;..;..;..;..;..;1217;1058;957;973;932;903;824;961;904;826;876;935;1029;930;1001;1097;968;1100;1181;1066;..;..;..;..;..;..;1287;1110;998;1031;988;965;874;1032;948;887;925;980;1080;983;1041;1139;1011;1140;1228;1103;..;..;..;..;..;..
"0163 Sollentuna";74;79;85;87;94;116;94;91;81;83;75;70;73;75;69;67;83;76;79;73;..;..;..;..;..;..;1130;1111;1093;1031;1065;1105;1184;1187;1154;1083;1184;1132;1189;1149;1115;995;1113;1041;1236;1124;..;..;..;..;..;..;1204;1190;1178;1118;1159;1221;1278;1278;1235;1166;1259;1202;1262;1224;1184;1062;1196;1117;1315;1197;..;..;..;..;..;..
"0180 Stockholm";170;173;179;202;206;200;200;202;200;187;187;173;171;160;158;165;167;162;166;148;..;..;..;..;..;..;2184;2139;2074;1931;2046;1904;2068;2052;1998;1942;1979;1891;1866;1858;1799;1872;1845;1931;1939;1842;..;..;..;..;..;..;2354;2312;2253;2133;2252;2104;2268;2254;2198;2129;2166;2064;2037;2018;1957;2037;2012;2093;2105;1990;..;..;..;..;..;..
"0181 S�dert�lje";152;154;147;170;183;166;182;170;172;154;146;131;130;133;112;99;110;111;109;112;..;..;..;..;..;..;1706;1423;1365;1296;1395;1366;1582;1602;1506;1454;1510;1430;1575;1527;1537;1444;1370;1406;1459;1374;..;..;..;..;..;..;1858;1577;1512;1466;1578;1532;1764;1772;1678;1608;1656;1561;1705;1660;1649;1543;1480;1517;1568;1486;..;..;..;..;..;..
"0182 Nacka";73;72;72;78;78;78;88;81;79;70;68;57;64;62;63;59;66;69;76;60;..;..;..;..;..;..;988;984;900;960;1009;1032;1163;1205;1029;1094;1027;950;953;910;895;986;904;978;1165;1055;..;..;..;..;..;..;1061;1056;972;1038;1087;1110;1251;1286;1108;1164;1095;1007;1017;972;958;1045;970;1047;1241;1115;..;..;..;..;..;..
"0183 Sundbyberg";136;129;141;159;153;144;139;147;159;147;139;138;138;122;122;119;143;134;128;124;..;..;..;..;..;..;1755;1577;1374;1299;1416;1309;1319;1514;1508;1321;1333;1182;1357;1100;1063;1143;1268;1415;1497;1401;..;..;..;..;..;..;1891;1706;1515;1458;1569;1453;1458;1661;1667;1468;1472;1320;1495;1222;1185;1262;1411;1549;1625;1525;..;..;..;..;..;..
"0184 Solna";101;97;119;130;131;111;107;131;113;114;121;120;120;117;112;111;120;105;106;106;..;..;..;..;..;..;1537;1387;1278;1384;1478;1335;1477;1857;1461;1471;1547;1463;1530;1476;1440;1511;1446;1519;1829;1460;..;..;..;..;..;..;1638;1484;1397;1514;1609;1446;1584;1988;1574;1585;1668;1583;1650;1593;1552;1622;1566;1624;1935;1566;..;..;..;..;..;..
"0186 Liding�";50;47;48;53;50;62;59;50;55;41;43;32;41;34;33;48;36;34;46;35;..;..;..;..;..;..;721;694;727;645;654;653;755;675;753;738;710;666;716;732;719;861;858;855;754;1251;..;..;..;..;..;..;771;741;775;698;704;715;814;725;808;779;753;698;757;766;752;909;894;889;800;1286;..;..;..;..;..;..
"0187 Vaxholm";58;42;74;51;53;46;47;55;66;55;41;60;60;51;40;45;48;48;70;28;..;..;..;..;..;..;662;596;506;563;599;563;594;704;772;775;720;919;803;855;958;881;756;793;703;612;..;..;..;..;..;..;720;638;580;614;652;609;641;759;838;830;761;979;863;906;998;926;804;841;773;640;..;..;..;..;..;..
"0188 Norrt�lje";117;105;110;126;133;124;127;124;108;109;116;93;93;86;79;87;79;76;70;53;..;..;..;..;..;..;1047;1068;1034;1067;1067;1050;1112;1092;1048;1075;1062;1107;1145;1052;960;1069;957;966;1000;957;..;..;..;..;..;..;1164;1173;1144;1193;1200;1174;1239;1216;1156;1184;1178;1200;1238;1138;1039;1156;1036;1042;1070;1010;..;..;..;..;..;..
"0191 Sigtuna";156;140;159;181;176;197;137;139;119;144;138;128;142;102;92;102;94;91;90;65;..;..;..;..;..;..;1594;1491;1560;1658;1652;1691;1822;1967;1785;1500;1561;1595;1747;1891;1646;1602;1525;1643;1755;1494;..;..;..;..;..;..;1750;1631;1719;1839;1828;1888;1959;2106;1904;1644;1699;1723;1889;1993;1738;1704;1619;1734;1845;1559;..;..;..;..;..;..
"0192 Nyn�shamn";121;126;169;122;119;142;150;149;126;127;106;87;82;82;102;84;83;68;69;53;..;..;..;..;..;..;1212;1117;1121;1079;1067;1051;1284;1288;1195;1148;1116;1115;1102;992;910;936;1002;1121;1291;974;..;..;..;..;..;..;1333;1243;1290;1201;1186;1193;1434;1437;1321;1275;1222;1202;1184;1074;1012;1020;1085;1189;1360;1027;..;..;..;..;..;..
"0305 H�bo";66;68;75;91;108;106;107;119;103;106;88;99;72;77;68;88;90;79;67;48;..;..;..;..;..;..;1062;971;905;1270;905;878;1157;1151;1101;1049;1054;1028;1042;999;871;930;909;902;732;826;..;..;..;..;..;..;1128;1039;980;1361;1013;984;1264;1270;1204;1155;1142;1127;1114;1076;939;1018;999;981;799;874;..;..;..;..;..;..
"0319 �lvkarleby";102;81;109;114;108;97;109;64;118;53;67;69;47;31;54;45;54;32;34;25;..;..;..;..;..;..;781;742;720;839;828;780;1045;1004;893;672;691;926;874;852;953;883;873;842;796;758;..;..;..;..;..;..;883;823;829;953;936;877;1154;1068;1011;725;758;995;921;883;1007;928;927;874;830;783;..;..;..;..;..;..
"0330 Knivsta";51;54;38;44;53;56;62;35;52;48;44;23;28;.;.;.;.;.;.;.;.;.;.;.;.;.;577;553;540;554;552;673;693;680;609;674;576;448;417;.;.;.;.;.;.;.;.;.;.;.;.;.;628;607;578;598;605;729;755;715;661;722;620;471;445;.;.;.;.;.;.;.;.;.;.;.;.;.
"0331 Heby";76;91;85;150;206;91;58;73;49;44;57;51;50;39;34;41;37;45;36;35;..;..;..;..;..;..;740;756;736;872;991;659;701;625;559;623;633;701;634;666;722;795;861;730;757;610;..;..;..;..;..;..;816;847;821;1022;1197;750;759;698;608;667;690;752;684;705;756;836;898;775;793;645;..;..;..;..;..;..
"0360 Tierp";69;91;93;123;115;106;106;89;96;78;80;65;60;50;54;43;54;65;46;47;..;..;..;..;..;..;823;772;857;930;905;920;930;813;814;798;859;827;977;682;803;818;829;656;634;657;..;..;..;..;..;..;892;863;950;1053;1020;1026;1036;902;910;876;939;892;1037;732;857;861;883;721;680;704;..;..;..;..;..;..
"0380 Uppsala";88;94;91;104;112;119;112;110;104;94;94;94;88;79;77;82;75;71;76;60;..;..;..;..;..;..;982;1117;996;952;1004;1025;1166;1176;1051;1013;1016;1029;1111;1107;1056;1174;1065;1044;1042;931;..;..;..;..;..;..;1070;1211;1087;1056;1116;1144;1278;1286;1155;1107;1110;1123;1199;1186;1133;1256;1140;1115;1118;991;..;..;..;..;..;..
"0381 Enk�ping";76;78;95;97;119;117;106;100;96;98;105;84;76;79;68;78;80;92;99;78;..;..;..;..;..;..;1255;1162;1113;1251;1276;1150;1194;1072;908;852;893;991;1024;1028;994;1039;932;1162;1165;1023;..;..;..;..;..;..;1331;1240;1208;1348;1395;1267;1300;1172;1004;950;998;1075;1100;1107;1062;1117;1012;1254;1264;1101;..;..;..;..;..;..
"0382 �sthammar";61;63;77;78;104;79;77;72;54;54;66;62;72;51;53;50;62;48;55;40;..;..;..;..;..;..;563;567;556;651;663;614;636;697;606;610;684;740;802;739;778;763;608;619;641;623;..;..;..;..;..;..;624;630;633;729;767;693;713;769;660;664;750;802;874;790;831;813;670;667;696;663;..;..;..;..;..;..
"0428 Ving�ker";114;110;123;165;149;136;92;103;78;94;81;78;66;49;40;40;40;34;74;60;..;..;..;..;..;..;951;890;848;998;1163;880;950;814;829;827;829;776;804;627;562;583;641;567;452;462;..;..;..;..;..;..;1065;1000;971;1163;1312;1016;1042;917;907;921;910;854;870;676;602;623;681;601;526;522;..;..;..;..;..;..
"0461 Gnesta";75;74;77;79;93;101;96;73;80;87;65;63;74;62;41;49;70;58;51;56;..;..;..;..;..;..;824;701;663;720;897;815;813;881;857;857;779;890;981;786;798;690;704;903;848;802;..;..;..;..;..;..;899;775;740;799;990;916;909;954;937;944;844;953;1055;848;839;739;774;961;899;858;..;..;..;..;..;..
"0480 Nyk�ping";103;141;104;118;142;139;134;129;115;95;112;84;83;84;75;71;70;79;62;65;..;..;..;..;..;..;1322;1303;1196;1309;1333;1130;1287;1205;1053;1047;1049;1120;1080;1015;1023;1006;949;1070;880;751;..;..;..;..;..;..;1425;1444;1300;1427;1475;1269;1421;1334;1168;1142;1161;1204;1163;1099;1098;1077;1019;1149;942;816;..;..;..;..;..;..
"0481 Oxel�sund";122;112;97;124;110;128;88;87;107;93;72;79;101;91;78;87;69;62;51;63;..;..;..;..;..;..;917;944;1092;1107;1161;1209;946;1096;952;895;845;850;859;787;912;842;793;723;695;742;..;..;..;..;..;..;1039;1056;1189;1231;1271;1337;1034;1183;1059;988;917;929;960;878;990;929;862;785;746;805;..;..;..;..;..;..
"0482 Flen";133;176;154;179;169;134;164;146;156;99;120;86;100;95;84;88;93;71;64;79;..;..;..;..;..;..;1197;1158;1104;1372;1311;1288;1351;1406;1080;1023;1165;1084;1221;1185;1110;1201;1153;1098;999;605;..;..;..;..;..;..;1330;1334;1258;1551;1480;1422;1515;1552;1236;1122;1285;1170;1321;1280;1194;1289;1246;1169;1063;684;..;..;..;..;..;..
"0483 Katrineholm";144;160;144;162;144;134;164;138;116;120;100;92;86;70;83;99;88;78;80;67;..;..;..;..;..;..;1263;1273;1255;1342;1478;1365;1425;1367;1038;1071;1099;1078;1095;1071;970;1010;938;966;888;858;..;..;..;..;..;..;1407;1433;1399;1504;1622;1499;1589;1505;1154;1191;1199;1170;1181;1141;1053;1109;1026;1044;968;925;..;..;..;..;..;..
"0484 Eskilstuna";168;160;145;174;197;175;168;174;162;166;154;136;129;128;124;122;117;112;95;91;..;..;..;..;..;..;1440;1366;1282;1436;1531;1309;1502;1551;1381;1437;1427;1430;1510;1452;1358;1453;1292;1240;1314;1103;..;..;..;..;..;..;1608;1526;1427;1610;1728;1484;1670;1725;1543;1603;1581;1566;1639;1580;1482;1575;1409;1352;1409;1194;..;..;..;..;..;..
"0486 Str�ngn�s";95;91;98;109;117;114;141;123;107;79;67;69;60;78;62;71;59;62;61;66;..;..;..;..;..;..;978;934;893;925;1025;1059;1173;1183;1271;1022;955;1119;1082;1144;1142;1101;921;964;1207;927;..;..;..;..;..;..;1073;1025;991;1034;1142;1173;1314;1306;1378;1101;1022;1188;1142;1222;1204;1172;980;1026;1268;993;..;..;..;..;..;..
"0488 Trosa";60;72;67;78;139;100;86;80;62;84;75;72;44;41;54;59;37;27;22;31;..;..;..;..;..;..;641;873;705;788;842;770;921;756;936;910;883;845;796;752;742;901;659;781;934;800;..;..;..;..;..;..;701;945;772;866;981;870;1007;836;998;994;958;917;840;793;796;960;696;808;956;831;..;..;..;..;..;..
"0509 �desh�g";46;77;56;115;44;57;98;67;85;111;80;94;103;63;55;65;49;52;53;54;..;..;..;..;..;..;618;709;740;781;773;794;960;914;1046;1358;1332;893;1597;994;857;820;694;744;858;592;..;..;..;..;..;..;664;786;796;896;817;851;1058;981;1131;1469;1412;987;1700;1057;912;885;743;796;911;646;..;..;..;..;..;..
"0512 Ydre";36;14;19;16;16;41;11;35;16;44;16;48;23;2;17;10;36;21;7;5;..;..;..;..;..;..;456;385;330;259;379;493;522;542;490;333;474;363;553;331;401;444;420;424;250;206;..;..;..;..;..;..;492;399;349;275;395;534;533;577;506;377;490;411;576;333;418;454;456;445;257;211;..;..;..;..;..;..
"0513 Kinda";25;37;41;39;44;62;94;56;45;57;56;60;55;44;38;29;33;19;39;19;..;..;..;..;..;..;540;549;423;514;547;530;730;618;526;501;673;641;721;626;622;690;495;507;478;386;..;..;..;..;..;..;565;586;464;553;591;592;824;674;571;558;729;701;776;670;660;719;528;526;517;405;..;..;..;..;..;..
"0560 Boxholm";39;43;50;44;58;42;19;52;57;94;49;42;45;41;26;35;28;11;25;25;..;..;..;..;..;..;494;566;515;369;558;516;651;877;766;865;851;672;663;812;734;812;646;518;632;1059;..;..;..;..;..;..;533;609;565;413;616;558;670;929;823;959;900;714;708;853;760;847;674;529;657;1084;..;..;..;..;..;..
"0561 �tvidaberg";35;71;38;35;50;50;51;39;36;38;36;30;38;29;26;24;37;31;27;26;..;..;..;..;..;..;489;517;438;535;602;525;538;444;654;565;577;580;611;676;670;571;522;517;487;415;..;..;..;..;..;..;524;588;476;570;652;575;589;483;690;603;613;610;649;705;696;595;559;548;514;441;..;..;..;..;..;..
"0562 Finsp�ng";112;88;71;90;109;122;111;112;87;82;67;65;75;54;61;45;53;53;56;46;..;..;..;..;..;..;885;788;786;699;681;766;810;693;656;1082;871;703;619;697;697;824;791;727;730;737;..;..;..;..;..;..;997;876;857;789;790;888;921;805;743;1164;938;768;694;751;758;869;844;780;786;783;..;..;..;..;..;..
"0563 Valdemarsvik";86;63;63;86;71;102;47;108;65;82;63;67;51;36;48;37;60;40;76;43;..;..;..;..;..;..;551;651;672;685;625;535;685;763;622;542;643;696;751;868;843;794;790;767;910;751;..;..;..;..;..;..;637;714;735;771;696;637;732;871;687;624;706;763;802;904;891;831;850;807;986;794;..;..;..;..;..;..
"0580 Link�ping";77;73;75;91;96;106;98;104;114;103;94;84;88;74;73;81;86;69;69;56;..;..;..;..;..;..;973;992;999;1056;1072;1046;1143;1138;1188;1150;1221;1103;1160;1283;1194;1207;1249;1261;1156;1035;..;..;..;..;..;..;1050;1065;1074;1147;1168;1152;1241;1242;1302;1253;1315;1187;1248;1357;1267;1288;1335;1330;1225;1091;..;..;..;..;..;..
"0581 Norrk�ping";103;127;118;133;143;135;151;138;140;127;124;111;100;100;92;97;98;96;88;80;..;..;..;..;..;..;1177;1217;1266;1205;1259;1188;1308;1337;1361;1274;1325;1241;1273;1246;1229;1256;1288;1271;1487;1330;..;..;..;..;..;..;1280;1344;1384;1338;1402;1323;1459;1475;1501;1401;1449;1352;1373;1346;1321;1353;1386;1367;1575;1410;..;..;..;..;..;..
"0582 S�derk�ping";52;27;54;43;51;58;35;42;61;45;59;40;34;42;23;37;21;27;30;14;..;..;..;..;..;..;520;584;560;643;573;532;511;548;488;580;546;551;540;636;547;572;546;557;753;660;..;..;..;..;..;..;572;611;614;686;624;590;546;590;549;625;605;591;574;678;570;609;567;584;783;674;..;..;..;..;..;..
"0583 Motala";74;81;83;80;97;104;96;105;105;98;80;89;68;60;73;71;67;61;59;53;..;..;..;..;..;..;771;799;791;818;896;905;1064;1046;1080;1078;1086;1037;1016;1041;1093;1078;1306;1117;1222;1078;..;..;..;..;..;..;845;880;874;898;993;1009;1160;1151;1185;1176;1166;1126;1084;1101;1166;1149;1373;1178;1281;1131;..;..;..;..;..;..
"0584 Vadstena";72;41;48;113;73;81;85;56;72;94;90;91;82;89;80;69;52;57;49;44;..;..;..;..;..;..;666;595;618;655;672;698;937;785;796;795;927;979;1074;890;882;988;794;1033;893;696;..;..;..;..;..;..;738;636;666;768;745;779;1022;841;868;889;1017;1070;1156;979;962;1057;846;1090;942;740;..;..;..;..;..;..
"0586 Mj�lby";69;74;66;71;77;79;76;92;67;68;78;74;74;59;56;64;62;64;67;58;..;..;..;..;..;..;651;858;665;828;949;910;1220;1370;1046;869;961;855;936;936;1077;1145;1121;1260;1010;760;..;..;..;..;..;..;720;932;731;899;1026;989;1296;1462;1113;937;1039;929;1010;995;1133;1209;1183;1324;1077;818;..;..;..;..;..;..
"0604 Aneby";56;63;83;72;102;86;46;97;69;37;50;75;38;44;28;50;29;29;37;23;..;..;..;..;..;..;692;610;642;780;704;729;808;904;931;644;633;677;694;545;772;653;628;547;513;398;..;..;..;..;..;..;748;673;725;852;806;815;854;1001;1000;681;683;752;732;589;800;703;657;576;550;421;..;..;..;..;..;..
"0617 Gnosj�";62;81;94;56;87;69;56;54;64;54;62;88;38;46;54;49;40;27;31;29;..;..;..;..;..;..;675;653;826;696;523;577;650;585;495;524;668;742;513;743;648;615;428;390;436;390;..;..;..;..;..;..;737;734;920;752;610;646;706;639;559;578;730;830;551;789;702;664;468;417;467;419;..;..;..;..;..;..
"0642 Mullsj�";76;48;75;47;72;64;65;48;48;41;49;39;69;74;68;35;54;37;19;41;..;..;..;..;..;..;692;597;566;419;556;550;639;699;725;683;652;811;1034;780;828;847;714;691;613;600;..;..;..;..;..;..;768;645;641;466;628;614;704;747;773;724;701;850;1103;854;896;882;768;728;632;641;..;..;..;..;..;..
"0643 Habo";43;43;24;32;45;32;30;15;25;19;30;33;14;25;20;24;27;21;38;17;..;..;..;..;..;..;426;415;437;326;479;417;559;539;468;409;564;491;455;423;512;540;493;552;578;462;..;..;..;..;..;..;469;458;461;358;524;449;589;554;493;428;594;524;469;448;532;564;520;573;616;479;..;..;..;..;..;..
"0662 Gislaved";66;65;66;81;78;80;80;73;111;89;67;64;79;43;49;34;31;32;28;32;..;..;..;..;..;..;757;846;737;694;768;672;741;816;847;791;754;695;725;702;689;663;631;650;595;501;..;..;..;..;..;..;823;911;803;775;846;752;821;889;958;880;821;759;804;745;738;697;662;682;623;533;..;..;..;..;..;..
"0665 Vaggeryd";57;54;36;37;65;26;39;56;42;47;38;47;45;28;31;37;18;21;20;16;..;..;..;..;..;..;850;675;688;782;789;802;685;840;753;590;656;622;659;630;616;646;443;556;463;439;..;..;..;..;..;..;907;729;724;819;854;828;724;896;795;637;694;669;704;658;647;683;461;577;483;455;..;..;..;..;..;..
"0680 J�nk�ping";94;80;80;93;100;91;89;94;99;101;90;83;86;78;82;73;60;67;67;53;..;..;..;..;..;..;1030;1015;940;948;1065;1071;1135;1109;1139;1006;1085;1143;1180;1246;1042;1091;1045;1169;1142;1077;..;..;..;..;..;..;1124;1095;1020;1041;1165;1162;1224;1203;1238;1107;1175;1226;1266;1324;1124;1164;1105;1236;1209;1130;..;..;..;..;..;..
"0682 N�ssj�";111;123;118;117;102;86;87;95;74;65;70;55;49;35;65;53;36;46;44;35;..;..;..;..;..;..;978;1093;1470;1109;1038;1152;1214;992;1016;784;809;699;777;867;904;798;657;727;740;722;..;..;..;..;..;..;1089;1216;1588;1226;1140;1238;1301;1087;1090;849;879;754;826;902;969;851;693;773;784;757;..;..;..;..;..;..
"0683 V�rnamo";77;75;70;64;66;55;76;59;67;69;61;61;46;60;43;47;42;49;30;40;..;..;..;..;..;..;947;788;780;875;882;779;908;981;904;816;941;895;819;834;795;785;627;796;833;746;..;..;..;..;..;..;1024;863;850;939;948;834;984;1040;971;885;1002;956;865;894;838;832;669;845;863;786;..;..;..;..;..;..
"0684 S�vsj�";58;80;83;71;86;91;68;84;78;52;103;56;79;65;68;52;42;40;74;41;..;..;..;..;..;..;749;724;1183;919;773;895;764;853;1092;849;839;827;1276;992;893;774;633;631;695;487;..;..;..;..;..;..;807;804;1266;990;859;986;832;937;1170;901;942;883;1355;1057;961;826;675;671;769;528;..;..;..;..;..;..
"0685 Vetlanda";65;55;49;67;65;90;72;82;70;67;70;68;62;61;53;53;41;35;45;38;..;..;..;..;..;..;681;616;653;671;665;710;642;799;826;757;798;796;848;975;726;836;625;556;602;534;..;..;..;..;..;..;746;671;702;738;730;800;714;881;896;824;868;864;910;1036;779;889;666;591;647;572;..;..;..;..;..;..
"0686 Eksj�";123;111;104;76;79;100;96;110;101;94;75;84;64;67;69;56;48;66;41;66;..;..;..;..;..;..;1018;1076;877;921;987;1063;1117;1296;1067;878;891;933;1002;1027;1123;1071;848;913;962;806;..;..;..;..;..;..;1141;1187;981;997;1066;1163;1213;1406;1168;972;966;1017;1066;1094;1192;1127;896;979;1003;872;..;..;..;..;..;..
"0687 Tran�s";122;97;95;101;112;85;81;60;71;84;68;68;58;48;64;42;44;63;58;42;..;..;..;..;..;..;970;978;891;852;862;784;1205;1035;1086;954;1063;988;1282;951;1038;1050;882;952;1035;752;..;..;..;..;..;..;1092;1075;986;953;974;869;1286;1095;1157;1038;1131;1056;1340;999;1102;1092;926;1015;1093;794;..;..;..;..;..;..
"0760 Uppvidinge";79;89;60;108;67;71;69;70;88;55;73;83;60;55;30;25;33;23;44;13;..;..;..;..;..;..;637;529;595;791;678;650;768;697;708;672;679;733;833;857;414;480;523;416;422;366;..;..;..;..;..;..;716;618;655;899;745;721;837;767;796;727;752;816;893;912;444;505;556;439;466;379;..;..;..;..;..;..
"0761 Lessebo";83;86;85;106;54;86;96;58;68;41;69;62;62;47;22;37;15;26;26;34;..;..;..;..;..;..;768;680;795;957;966;1090;1390;899;831;849;613;669;698;637;668;667;762;789;726;592;..;..;..;..;..;..;851;766;880;1063;1020;1176;1486;957;899;890;682;731;760;684;690;704;777;815;752;626;..;..;..;..;..;..
"0763 Tingsryd";74;63;64;83;69;61;56;48;57;46;40;52;49;49;44;34;49;29;29;33;..;..;..;..;..;..;869;702;775;834;720;748;727;719;809;891;778;755;790;891;730;646;789;580;573;618;..;..;..;..;..;..;943;765;839;917;789;809;783;767;866;937;818;807;839;940;774;680;838;609;602;651;..;..;..;..;..;..
"0764 Alvesta";97;54;66;92;80;85;71;54;76;53;54;59;59;54;45;36;31;31;44;32;..;..;..;..;..;..;733;695;774;921;2045;828;954;863;898;709;714;844;933;910;696;712;629;532;616;633;..;..;..;..;..;..;830;749;840;1013;2125;913;1025;917;974;762;768;903;992;964;741;748;660;563;660;665;..;..;..;..;..;..
"0765 �lmhult";64;60;48;52;41;50;42;59;49;62;81;56;70;65;41;56;57;61;52;51;..;..;..;..;..;..;711;691;608;821;706;772;744;902;896;752;782;808;809;658;637;629;667;747;663;675;..;..;..;..;..;..;775;751;656;873;747;822;786;961;945;814;863;864;879;723;678;685;724;808;715;726;..;..;..;..;..;..
"0767 Markaryd";49;70;73;68;50;72;75;88;82;52;61;80;65;74;49;45;71;44;35;34;..;..;..;..;..;..;1013;1000;1014;977;1220;1038;1140;1286;1462;1066;1303;1440;1170;1154;822;865;748;813;710;672;..;..;..;..;..;..;1062;1070;1087;1045;1270;1110;1215;1374;1544;1118;1364;1520;1235;1228;871;910;819;857;745;706;..;..;..;..;..;..
"0780 V�xj�";94;91;95;92;106;89;98;90;96;82;76;84;88;70;68;64;65;56;54;43;..;..;..;..;..;..;935;951;908;1548;1098;1017;1145;1171;1164;1115;1411;1193;1334;1224;1182;1184;1148;1103;994;974;..;..;..;..;..;..;1029;1042;1003;1640;1204;1106;1243;1261;1260;1197;1487;1277;1422;1294;1250;1248;1213;1159;1048;1017;..;..;..;..;..;..
"0781 Ljungby";59;49;73;55;51;60;48;61;54;50;54;49;51;40;57;45;31;38;22;28;..;..;..;..;..;..;770;848;783;909;965;799;796;891;1039;934;1278;903;887;867;899;701;606;608;638;579;..;..;..;..;..;..;829;897;856;964;1016;859;844;952;1093;984;1332;952;938;907;956;746;637;646;660;607;..;..;..;..;..;..
"0821 H�gsby";101;101;84;104;116;91;71;59;105;81;54;65;47;17;79;48;23;30;32;21;..;..;..;..;..;..;916;882;893;1091;1156;788;813;1067;1008;945;874;953;744;658;656;672;737;580;590;464;..;..;..;..;..;..;1017;983;977;1195;1272;879;884;1126;1113;1026;928;1018;791;675;735;720;760;610;622;485;..;..;..;..;..;..
"0834 Tors�s";50;65;58;44;72;84;72;54;43;47;54;48;55;55;27;72;36;41;57;39;..;..;..;..;..;..;1006;786;696;649;650;676;679;820;707;551;539;595;803;592;599;701;524;646;779;532;..;..;..;..;..;..;1056;851;754;693;722;760;751;874;750;598;593;643;858;647;626;773;560;687;836;571;..;..;..;..;..;..
"0840 M�rbyl�nga";42;32;46;44;37;32;36;33;40;37;31;27;24;30;28;29;36;29;18;27;..;..;..;..;..;..;502;536;474;584;560;512;595;455;539;436;495;527;424;445;388;479;484;646;525;505;..;..;..;..;..;..;544;568;520;628;597;544;631;488;579;473;526;554;448;475;416;508;520;675;543;532;..;..;..;..;..;..
"0860 Hultsfred";123;105;92;119;131;100;108;149;107;83;76;99;122;81;56;51;60;59;52;41;..;..;..;..;..;..;933;710;677;1021;1047;880;1273;1009;1226;1011;1013;1180;1334;1383;893;960;824;819;730;633;..;..;..;..;..;..;1056;815;769;1140;1178;980;1381;1158;1333;1094;1089;1279;1456;1464;949;1011;884;878;782;674;..;..;..;..;..;..
"0861 M�nster�s";90;57;97;60;97;87;89;75;61;60;52;39;52;63;59;50;60;45;39;22;..;..;..;..;..;..;692;628;582;752;729;608;734;753;728;634;695;779;629;694;524;659;494;476;384;318;..;..;..;..;..;..;782;685;679;812;826;695;823;828;789;694;747;818;681;757;583;709;554;521;423;340;..;..;..;..;..;..
"0862 Emmaboda";85;91;91;84;89;102;76;67;47;50;55;46;60;33;26;25;46;53;56;28;..;..;..;..;..;..;1465;1181;1201;1054;1240;1286;959;962;877;902;905;1000;871;895;637;725;623;509;501;522;..;..;..;..;..;..;1550;1272;1292;1138;1329;1388;1035;1029;924;952;960;1046;931;928;663;750;669;562;557;550;..;..;..;..;..;..
"0880 Kalmar";89;93;92;101;117;115;111;117;105;110;103;104;98;86;82;94;80;77;73;67;..;..;..;..;..;..;946;885;879;943;1112;1120;1161;1164;1132;1098;1190;1160;1150;1073;1011;1106;985;1100;1130;1040;..;..;..;..;..;..;1035;978;971;1044;1229;1235;1272;1281;1237;1208;1293;1264;1248;1159;1093;1200;1065;1177;1203;1107;..;..;..;..;..;..
"0881 Nybro";72;74;80;76;73;87;82;63;68;67;51;48;60;64;45;51;55;53;61;50;..;..;..;..;..;..;1026;830;848;876;804;969;929;937;956;937;1018;1026;894;931;826;957;760;881;961;691;..;..;..;..;..;..;1098;904;928;952;877;1056;1011;1000;1024;1004;1069;1074;954;995;871;1008;815;934;1022;741;..;..;..;..;..;..
"0882 Oskarshamn";67;72;71;70;79;82;85;72;83;87;81;67;57;59;76;66;48;62;49;57;..;..;..;..;..;..;583;569;539;633;727;691;811;740;867;736;1013;1006;818;770;765;917;768;703;682;536;..;..;..;..;..;..;650;641;610;703;806;773;896;812;950;823;1094;1073;875;829;841;983;816;765;731;593;..;..;..;..;..;..
"0883 V�stervik";96;108;101;90;84;108;101;90;94;66;70;71;63;67;70;63;61;68;67;54;..;..;..;..;..;..;763;722;710;736;729;781;852;906;864;838;932;861;844;868;930;1070;899;980;882;741;..;..;..;..;..;..;859;830;811;826;813;889;953;996;958;904;1002;932;907;935;1000;1133;960;1048;949;795;..;..;..;..;..;..
"0884 Vimmerby";78;57;55;60;80;60;79;79;82;69;63;41;49;47;82;41;55;49;41;37;..;..;..;..;..;..;586;602;584;613;723;684;733;678;631;566;772;693;703;715;655;706;568;556;614;547;..;..;..;..;..;..;664;659;639;673;803;744;812;757;713;635;835;734;752;762;737;747;623;605;655;584;..;..;..;..;..;..
"0885 Borgholm";94;94;93;131;111;116;133;154;115;102;107;123;106;98;113;96;86;69;59;65;..;..;..;..;..;..;782;804;889;1134;1036;881;931;887;862;922;814;733;794;849;805;871;876;833;852;823;..;..;..;..;..;..;876;898;982;1265;1147;997;1064;1041;977;1024;921;856;900;947;918;967;962;902;911;888;..;..;..;..;..;..
"0980 Gotland";106;95;96;104;105;129;120;116;116;109;89;86;95;95;75;81;71;84;71;52;..;..;..;..;..;..;890;1003;820;1114;1018;1220;1048;1124;1051;1089;1057;1081;1231;1214;1063;1133;1068;1038;1015;926;..;..;..;..;..;..;996;1098;916;1218;1123;1349;1168;1240;1167;1198;1146;1167;1326;1309;1138;1214;1139;1122;1086;978;..;..;..;..;..;..
"1060 Olofstr�m";70;73;58;50;58;66;72;70;68;68;65;49;57;84;42;40;53;27;42;38;..;..;..;..;..;..;729;818;641;711;771;765;844;849;873;941;674;594;907;945;720;826;606;575;553;499;..;..;..;..;..;..;799;891;699;761;829;831;916;919;941;1009;739;643;964;1029;762;866;659;602;595;537;..;..;..;..;..;..
"1080 Karlskrona";84;64;74;76;86;71;85;91;106;96;92;99;79;82;86;69;71;56;59;59;..;..;..;..;..;..;816;796;929;863;893;851;970;1023;984;920;954;1047;1077;957;851;836;751;582;675;727;..;..;..;..;..;..;900;860;1003;939;979;922;1055;1114;1090;1016;1046;1146;1156;1039;937;905;822;638;734;786;..;..;..;..;..;..
"1081 Ronneby";81;93;83;81;80;95;102;93;97;70;76;66;73;65;65;52;47;29;37;42;..;..;..;..;..;..;878;786;1014;844;891;935;1021;960;887;766;763;765;774;752;739;773;812;544;608;731;..;..;..;..;..;..;959;879;1097;925;971;1030;1123;1053;984;836;839;831;847;817;804;825;859;573;645;773;..;..;..;..;..;..
"1082 Karlshamn";70;88;73;78;89;87;84;90;79;85;80;78;66;61;58;66;65;46;47;48;..;..;..;..;..;..;935;807;860;899;858;948;1094;1243;1196;1055;1000;874;878;836;801;840;845;649;697;717;..;..;..;..;..;..;1005;895;933;977;947;1035;1178;1333;1275;1140;1080;952;944;897;859;906;910;695;744;765;..;..;..;..;..;..
"1083 S�lvesborg";78;74;71;71;79;80;71;77;69;84;95;81;81;54;52;69;59;53;47;48;..;..;..;..;..;..;1155;842;962;1084;1041;1006;1395;1158;1020;1007;1004;921;1008;926;870;1068;1078;938;785;688;..;..;..;..;..;..;1233;916;1033;1155;1120;1086;1466;1235;1089;1091;1099;1002;1089;980;922;1137;1137;991;832;736;..;..;..;..;..;..
"1214 Sval�v";109;367;107;140;82;91;91;83;67;75;54;50;46;48;33;60;36;38;41;41;..;..;..;..;..;..;1002;1306;1321;1092;1174;1008;1277;1033;854;1008;897;910;953;1025;921;1026;772;761;917;786;..;..;..;..;..;..;1111;1673;1428;1232;1256;1099;1368;1116;921;1083;951;960;999;1073;954;1086;808;799;958;827;..;..;..;..;..;..
"1230 Staffanstorp";63;60;57;61;56;80;84;85;68;71;81;71;54;43;37;41;43;36;47;38;..;..;..;..;..;..;804;783;766;755;938;787;984;1022;846;857;860;924;836;713;775;718;637;661;717;747;..;..;..;..;..;..;867;843;823;816;994;867;1068;1107;914;928;941;995;890;756;812;759;680;697;764;785;..;..;..;..;..;..
"1231 Burl�v";105;107;104;130;111;140;107;103;89;121;105;79;76;94;84;73;84;56;62;51;..;..;..;..;..;..;1107;1229;1420;1329;1367;1608;1820;1244;1242;1335;1287;1193;1344;1372;1336;1066;999;1048;1079;943;..;..;..;..;..;..;1212;1336;1524;1459;1478;1748;1927;1347;1331;1456;1392;1272;1420;1466;1420;1139;1083;1104;1141;994;..;..;..;..;..;..
"1233 Vellinge";35;33;40;32;44;51;39;42;32;25;25;23;25;30;25;26;28;31;29;22;..;..;..;..;..;..;572;571;614;647;702;707;779;683;640;510;589;532;499;558;645;611;663;645;726;648;..;..;..;..;..;..;607;604;654;679;746;758;818;725;672;535;614;555;524;588;670;637;691;676;755;670;..;..;..;..;..;..
"1256 �stra G�inge";111;102;108;91;93;77;71;74;63;73;65;27;36;45;24;48;42;48;23;38;..;..;..;..;..;..;805;758;988;834;790;810;806;984;807;715;806;713;725;825;570;786;543;729;602;505;..;..;..;..;..;..;916;860;1096;925;883;887;877;1058;870;788;871;740;761;870;594;834;585;777;625;543;..;..;..;..;..;..
"1257 �rkelljunga";136;67;97;89;85;107;88;108;92;68;74;48;38;57;53;52;31;46;29;24;..;..;..;..;..;..;1362;1269;1314;1331;1159;1190;1216;1297;1226;1140;1074;1169;1177;1439;1174;1277;790;740;789;778;..;..;..;..;..;..;1498;1336;1411;1420;1244;1297;1304;1405;1318;1208;1148;1217;1215;1496;1227;1329;821;786;818;802;..;..;..;..;..;..
"1260 Bjuv";127;172;98;120;114;127;132;131;115;141;120;95;87;72;53;53;52;58;59;49;..;..;..;..;..;..;1107;1419;1275;1094;2163;1268;1450;1379;1426;1273;1332;1139;1009;1151;1065;1077;886;871;930;939;..;..;..;..;..;..;1234;1591;1373;1214;2277;1395;1582;1510;1541;1414;1452;1234;1096;1223;1118;1130;938;929;989;988;..;..;..;..;..;..
"1261 K�vlinge";56;62;51;72;74;66;65;65;49;66;71;62;47;41;60;61;53;47;54;38;..;..;..;..;..;..;869;946;980;945;1159;973;1123;1032;884;1037;1066;983;1064;970;951;956;829;918;858;851;..;..;..;..;..;..;925;1008;1031;1017;1233;1039;1188;1097;933;1103;1137;1045;1111;1011;1011;1017;882;965;912;889;..;..;..;..;..;..
"1262 Lomma";32;30;32;32;28;32;43;47;36;53;30;34;22;29;29;31;33;20;26;17;..;..;..;..;..;..;730;725;671;645;964;600;768;722;714;711;773;655;633;812;757;1077;888;841;883;886;..;..;..;..;..;..;762;755;703;677;992;632;811;769;750;764;803;689;655;841;786;1108;921;861;909;903;..;..;..;..;..;..
"1263 Svedala";50;63;41;54;52;58;59;61;67;57;38;38;47;39;43;45;42;34;35;31;..;..;..;..;..;..;929;753;739;722;775;779;841;895;809;771;827;897;785;918;879;922;829;706;701;730;..;..;..;..;..;..;979;816;780;776;827;837;900;956;876;828;865;935;832;957;922;967;871;740;736;761;..;..;..;..;..;..
"1264 Skurup";82;91;74;77;82;84;102;95;99;97;53;78;56;78;84;54;60;57;49;59;..;..;..;..;..;..;770;881;840;788;944;938;898;972;977;1171;992;1222;942;1031;1191;1407;997;1044;1038;905;..;..;..;..;..;..;852;972;914;865;1026;1022;1000;1067;1076;1268;1045;1300;998;1109;1275;1461;1057;1101;1087;964;..;..;..;..;..;..
"1265 Sj�bo";77;67;81;95;96;108;78;78;64;70;73;59;60;72;59;78;68;62;45;54;..;..;..;..;..;..;942;806;862;845;944;971;1090;1134;1132;1201;1122;1395;1271;1086;1076;1341;1255;1077;1020;967;..;..;..;..;..;..;1019;873;943;940;1040;1079;1168;1212;1196;1271;1195;1454;1331;1158;1135;1419;1323;1139;1065;1021;..;..;..;..;..;..
"1266 H�rby";111;119;116;108;102;133;121;103;97;99;74;88;86;76;62;44;43;34;47;40;..;..;..;..;..;..;1115;1038;1050;1086;1166;1107;1291;1299;1097;1223;1016;1171;1194;1016;1071;1009;720;774;688;649;..;..;..;..;..;..;1226;1157;1166;1194;1268;1240;1412;1402;1194;1322;1090;1259;1280;1092;1133;1053;763;808;735;689;..;..;..;..;..;..
"1267 H��r";110;119;96;85;119;102;125;95;111;104;101;72;104;91;76;70;78;49;76;44;..;..;..;..;..;..;1082;1125;1063;1205;1029;948;1139;1006;1002;933;939;1150;1189;1107;1171;1075;917;804;987;890;..;..;..;..;..;..;1192;1244;1159;1290;1148;1050;1264;1101;1113;1037;1040;1222;1293;1198;1247;1145;995;853;1063;934;..;..;..;..;..;..
"1270 Tomelilla";114;99;85;95;106;74;130;109;148;115;94;100;90;98;86;81;98;99;86;72;..;..;..;..;..;..;1079;997;929;867;1241;1001;1029;1124;1442;1198;1182;1401;1158;1044;1124;1024;1147;1001;823;728;..;..;..;..;..;..;1193;1096;1014;962;1347;1075;1159;1233;1590;1313;1276;1501;1248;1142;1210;1105;1245;1100;909;800;..;..;..;..;..;..
"1272 Brom�lla";71;98;71;89;76;68;65;78;75;65;59;56;77;54;58;49;50;41;33;41;..;..;..;..;..;..;794;852;805;793;754;728;897;1254;1013;725;1006;926;1057;984;860;1101;846;823;979;920;..;..;..;..;..;..;865;950;876;882;830;796;962;1332;1088;790;1065;982;1134;1038;918;1150;896;864;1012;961;..;..;..;..;..;..
"1273 Osby";78;78;82;86;68;69;93;87;91;77;66;57;43;51;46;53;45;45;43;40;..;..;..;..;..;..;948;899;961;972;858;943;883;1059;920;716;882;956;972;904;785;820;757;872;670;581;..;..;..;..;..;..;1026;977;1043;1058;926;1012;976;1146;1011;793;948;1013;1015;955;831;873;802;917;713;621;..;..;..;..;..;..
"1275 Perstorp";136;108;119;128;176;145;138;102;134;70;138;82;65;52;51;53;66;29;35;52;..;..;..;..;..;..;1128;1359;1226;1264;1382;1310;1563;1362;1419;1516;1762;1682;1453;1240;947;1132;904;1009;788;942;..;..;..;..;..;..;1264;1467;1345;1392;1558;1455;1701;1464;1553;1586;1900;1764;1518;1292;998;1185;970;1038;823;994;..;..;..;..;..;..
"1276 Klippan";122;112;100;113;128;97;128;99;108;82;98;103;98;66;73;52;70;52;50;56;..;..;..;..;..;..;1173;1314;1232;1287;1253;1161;1404;1375;1220;1656;1450;1529;1502;1566;1344;1410;1229;1179;1006;928;..;..;..;..;..;..;1295;1426;1332;1400;1381;1258;1532;1474;1328;1738;1548;1632;1600;1632;1417;1462;1299;1231;1056;984;..;..;..;..;..;..
"1277 �storp";131;165;116;102;184;101;132;101;106;81;70;71;79;78;76;78;58;46;58;40;..;..;..;..;..;..;1226;1504;1165;1344;1562;1259;1657;1404;1501;1470;1503;1554;1483;1526;1474;1422;1402;1203;1156;1072;..;..;..;..;..;..;1357;1669;1281;1446;1746;1360;1789;1505;1607;1551;1573;1625;1562;1604;1550;1500;1460;1249;1214;1112;..;..;..;..;..;..
"1278 B�stad";93;55;63;73;70;60;69;66;69;64;70;60;67;86;63;44;61;58;46;53;..;..;..;..;..;..;1075;998;928;1051;1113;973;1011;978;969;950;995;1189;1206;1369;1083;968;900;884;877;797;..;..;..;..;..;..;1168;1053;991;1124;1183;1033;1080;1044;1038;1014;1065;1249;1273;1455;1146;1012;961;942;923;850;..;..;..;..;..;..
"1280 Malm�";158;161;145;159;180;172;176;164;168;162;159;149;146;148;149;137;146;126;121;105;..;..;..;..;..;..;1691;1720;1778;1825;1862;1898;1963;1897;1945;1874;1864;2172;1942;1908;1811;1864;1827;1881;1885;1845;..;..;..;..;..;..;1849;1881;1923;1984;2042;2070;2139;2061;2113;2036;2023;2321;2088;2056;1960;2001;1973;2007;2006;1950;..;..;..;..;..;..
"1281 Lund";88;84;77;83;86;97;87;98;89;93;96;85;82;77;75;74;61;59;61;62;..;..;..;..;..;..;1232;1206;1262;1177;1267;1266;1368;1263;1275;1273;1298;1336;1278;1374;1404;1433;1336;1282;1449;1443;..;..;..;..;..;..;1320;1290;1339;1260;1353;1363;1455;1361;1364;1366;1394;1421;1360;1451;1479;1507;1397;1341;1510;1505;..;..;..;..;..;..
"1282 Landskrona";162;163;125;138;135;152;154;165;147;147;162;122;116;133;122;126;100;103;104;90;..;..;..;..;..;..;1456;1438;1724;1747;1527;1551;1621;1474;1600;1422;1449;1752;1631;1875;1673;1593;1277;1290;1302;1253;..;..;..;..;..;..;1618;1601;1849;1885;1662;1703;1775;1639;1747;1569;1611;1874;1747;2008;1795;1719;1377;1393;1406;1343;..;..;..;..;..;..
"1283 Helsingborg";156;167;144;144;160;146;143;146;143;146;132;114;119;124;110;104;120;120;102;88;..;..;..;..;..;..;1514;1670;1667;1667;1691;1592;1706;1661;1729;1622;1606;1627;1769;1732;1751;1635;1753;1779;1708;1502;..;..;..;..;..;..;1670;1837;1811;1811;1851;1738;1849;1807;1872;1768;1738;1741;1888;1856;1861;1739;1873;1899;1810;1590;..;..;..;..;..;..
"1284 H�gan�s";64;70;49;37;31;52;66;58;51;59;58;46;57;52;34;38;33;42;33;33;..;..;..;..;..;..;790;726;739;634;711;747;834;858;667;726;700;632;793;916;774;744;701;840;633;613;..;..;..;..;..;..;854;796;788;671;742;799;900;916;718;785;758;678;850;968;808;782;734;882;666;646;..;..;..;..;..;..
"1285 Esl�v";97;97;96;126;124;119;128;107;110;98;99;88;95;81;92;65;62;63;68;49;..;..;..;..;..;..;1169;1122;1162;1064;1068;1173;1194;1141;1238;1129;1180;1196;1104;1000;1212;1227;946;930;938;1018;..;..;..;..;..;..;1266;1219;1258;1190;1192;1292;1322;1248;1348;1227;1279;1284;1199;1081;1304;1292;1008;993;1006;1067;..;..;..;..;..;..
"1286 Ystad";77;75;75;88;79;85;88;91;82;86;83;87;72;63;61;69;74;69;63;56;..;..;..;..;..;..;882;969;880;956;1006;1167;1177;1005;1109;1040;1024;1067;976;1011;1309;1164;1125;1120;1211;988;..;..;..;..;..;..;959;1044;955;1044;1085;1252;1265;1096;1191;1126;1107;1154;1048;1074;1370;1233;1199;1189;1274;1044;..;..;..;..;..;..
"1287 Trelleborg";97;95;86;99;88;102;101;97;93;98;89;69;69;74;73;64;72;66;74;65;..;..;..;..;..;..;1175;1051;1051;986;976;1085;1006;1124;974;974;1019;1072;1016;1142;1195;1133;1059;888;896;777;..;..;..;..;..;..;1272;1146;1137;1085;1064;1187;1107;1221;1067;1072;1108;1141;1085;1216;1268;1197;1131;954;970;842;..;..;..;..;..;..
"1290 Kristianstad";114;107;112;113;126;126;133;122;114;115;96;104;85;76;75;80;69;64;66;62;..;..;..;..;..;..;1142;1094;1108;1277;1237;1251;1207;1218;1194;1113;1123;1218;1110;1050;1027;1086;1080;1034;918;958;..;..;..;..;..;..;1256;1201;1220;1390;1363;1377;1340;1340;1308;1228;1219;1322;1195;1126;1102;1166;1149;1098;984;1020;..;..;..;..;..;..
"1291 Simrishamn";80;75;72;63;66;68;71;39;41;68;48;51;54;51;40;48;56;46;28;48;..;..;..;..;..;..;844;750;718;742;865;874;955;1012;757;668;708;750;828;836;807;868;870;708;609;529;..;..;..;..;..;..;924;825;790;805;931;942;1026;1051;798;736;756;801;882;887;847;916;926;754;637;577;..;..;..;..;..;..
"1292 �ngelholm";74;64;66;71;76;88;86;96;77;75;80;59;64;59;56;53;48;54;48;44;..;..;..;..;..;..;933;962;1005;898;1004;918;1009;1066;969;1017;917;1080;1169;1196;1069;1013;1244;1126;983;1082;..;..;..;..;..;..;1007;1026;1071;969;1080;1006;1095;1162;1046;1092;997;1139;1233;1255;1125;1066;1292;1180;1031;1126;..;..;..;..;..;..
"1293 H�ssleholm";114;104;106;98;109;116;116;91;93;84;71;68;63;61;60;72;73;85;57;58;..;..;..;..;..;..;1053;1084;991;1036;1123;1141;1295;1114;1039;951;1012;1044;1002;1046;952;1013;926;868;910;889;..;..;..;..;..;..;1167;1188;1097;1134;1232;1257;1411;1205;1132;1035;1083;1112;1065;1107;1012;1085;999;953;967;947;..;..;..;..;..;..
"1315 Hylte";90;99;109;121;51;102;98;109;82;91;62;70;55;52;42;49;39;35;42;43;..;..;..;..;..;..;1134;1061;1015;1246;1071;830;940;955;1208;1310;1088;1278;924;834;785;942;808;708;585;601;..;..;..;..;..;..;1224;1160;1124;1367;1122;932;1038;1064;1290;1401;1150;1348;979;886;827;991;847;743;627;644;..;..;..;..;..;..
"1380 Halmstad";95;94;108;120;123;126;131;134;138;124;100;90;98;88;80;80;77;63;61;56;..;..;..;..;..;..;1216;1165;1120;1101;1177;1149;1268;1418;1441;1305;1388;1318;1411;1296;1288;1266;1213;1151;1243;1268;..;..;..;..;..;..;1311;1259;1228;1221;1300;1275;1399;1552;1579;1429;1488;1408;1509;1384;1368;1346;1290;1214;1304;1324;..;..;..;..;..;..
"1381 Laholm";67;51;64;75;80;77;83;94;81;75;63;46;55;44;50;36;41;27;31;36;..;..;..;..;..;..;931;922;977;1093;1143;952;1224;1137;1004;988;1056;1018;1159;1005;876;980;967;865;788;790;..;..;..;..;..;..;998;973;1041;1168;1223;1029;1307;1231;1085;1063;1119;1064;1214;1049;926;1016;1008;892;819;826;..;..;..;..;..;..
"1382 Falkenberg";104;87;81;106;111;101;93;98;98;97;104;85;79;79;58;56;62;58;57;50;..;..;..;..;..;..;1091;1013;1036;1112;1191;1150;1340;1179;1185;1192;1176;1285;1355;1148;1169;1122;1037;1116;1100;937;..;..;..;..;..;..;1195;1100;1117;1218;1302;1251;1433;1277;1283;1289;1280;1370;1434;1227;1227;1178;1099;1174;1157;987;..;..;..;..;..;..
"1383 Varberg";65;62;62;76;80;83;86;106;102;86;86;65;69;59;60;59;61;48;48;49;..;..;..;..;..;..;799;777;795;796;812;821;898;998;1007;921;1014;1035;989;1015;959;963;996;1014;918;860;..;..;..;..;..;..;864;839;857;872;892;904;984;1104;1109;1007;1100;1100;1058;1074;1019;1022;1057;1062;966;909;..;..;..;..;..;..
"1384 Kungsbacka";59;43;44;52;56;62;58;60;56;59;54;49;47;38;47;41;36;34;30;36;..;..;..;..;..;..;691;648;635;635;724;665;723;812;815;722;765;780;823;863;833;782;838;727;714;706;..;..;..;..;..;..;750;691;679;687;780;727;781;872;871;781;819;829;870;901;880;823;874;761;744;742;..;..;..;..;..;..
"1401 H�rryda";60;66;61;66;61;50;52;52;46;34;44;33;36;31;30;41;32;27;26;36;..;..;..;..;..;..;899;850;866;862;830;850;1044;947;984;832;802;908;732;764;828;790;700;617;629;754;..;..;..;..;..;..;959;916;927;928;891;900;1096;999;1030;866;846;941;768;795;858;831;732;644;655;790;..;..;..;..;..;..
"1402 Partille";64;72;67;68;72;73;76;74;73;57;45;52;52;46;47;46;48;46;41;40;..;..;..;..;..;..;1024;1034;975;885;877;987;1135;1188;1121;949;867;914;914;871;983;1004;969;897;773;699;..;..;..;..;..;..;1088;1106;1042;953;949;1060;1211;1262;1194;1006;912;966;966;917;1030;1050;1017;943;814;739;..;..;..;..;..;..
"1407 �cker�";29;34;32;34;32;27;50;38;27;36;28;32;18;31;26;25;20;20;19;38;..;..;..;..;..;..;353;405;411;410;327;331;366;422;424;355;341;456;464;440;380;339;283;335;459;540;..;..;..;..;..;..;382;439;443;444;359;358;416;460;451;391;369;488;482;471;406;364;303;355;478;578;..;..;..;..;..;..
"1415 Stenungsund";69;62;64;75;74;79;64;57;62;51;53;48;50;46;53;52;65;59;38;51;..;..;..;..;..;..;884;964;824;801;896;825;815;828;862;767;873;807;878;948;963;977;1046;958;1179;933;..;..;..;..;..;..;953;1026;888;876;970;904;879;885;924;818;926;855;928;994;1016;1029;1111;1017;1217;984;..;..;..;..;..;..
"1419 Tj�rn";52;55;39;50;44;61;35;31;37;37;27;33;23;29;28;15;24;18;33;19;..;..;..;..;..;..;613;675;549;679;604;471;546;477;574;449;487;415;439;458;512;505;505;517;488;487;..;..;..;..;..;..;665;730;588;729;648;532;581;508;611;486;514;448;462;487;540;520;529;535;521;506;..;..;..;..;..;..
"1421 Orust";45;51;51;51;44;38;37;27;39;49;43;43;29;38;34;23;25;22;30;30;..;..;..;..;..;..;686;795;672;641;636;588;550;603;626;666;768;602;626;714;708;486;475;660;1330;718;..;..;..;..;..;..;731;846;723;692;680;626;587;630;665;715;811;645;655;752;742;509;500;682;1360;748;..;..;..;..;..;..
"1427 Soten�s";104;62;71;92;66;68;90;68;84;59;76;50;54;62;42;41;36;57;49;38;..;..;..;..;..;..;913;735;767;790;868;774;785;808;771;748;815;773;760;811;757;664;562;653;660;534;..;..;..;..;..;..;1017;797;838;882;934;842;875;876;855;807;891;823;814;873;799;705;598;710;709;572;..;..;..;..;..;..
"1430 Munkedal";87;69;53;67;61;51;43;49;39;36;46;33;51;40;46;24;30;16;28;27;..;..;..;..;..;..;975;855;874;896;1022;755;758;1040;817;707;1010;856;845;892;771;825;622;536;614;426;..;..;..;..;..;..;1062;924;927;963;1083;806;801;1089;856;743;1056;889;896;932;817;849;652;552;642;453;..;..;..;..;..;..
"1435 Tanum";56;84;68;63;54;64;80;64;87;66;41;22;50;48;46;36;35;27;39;33;..;..;..;..;..;..;783;850;792;884;949;814;887;873;1064;913;985;991;991;944;961;1000;705;797;792;540;..;..;..;..;..;..;839;934;860;947;1003;878;967;937;1151;979;1026;1013;1041;992;1007;1036;740;824;831;573;..;..;..;..;..;..
"1438 Dals-Ed";52;44;74;75;43;62;61;79;51;61;63;42;16;44;46;38;32;20;18;8;..;..;..;..;..;..;594;632;581;828;627;715;746;840;791;752;621;691;618;674;573;573;431;444;378;411;..;..;..;..;..;..;646;676;655;903;670;777;807;919;842;813;684;733;634;718;619;611;463;464;396;419;..;..;..;..;..;..
"1439 F�rgelanda";74;71;47;56;57;81;52;59;81;44;41;47;41;14;19;21;25;18;6;23;..;..;..;..;..;..;635;715;769;887;774;892;640;699;725;572;779;578;789;498;512;514;488;410;276;425;..;..;..;..;..;..;709;786;816;943;831;973;692;758;806;616;820;625;830;512;531;535;513;428;282;448;..;..;..;..;..;..
"1440 Ale";82;70;69;58;61;74;66;71;55;56;52;39;35;43;36;43;29;37;37;26;..;..;..;..;..;..;741;806;870;792;730;786;1025;993;915;751;871;986;872;785;790;850;835;779;776;690;..;..;..;..;..;..;823;876;939;850;791;860;1091;1064;970;807;923;1025;907;828;826;893;864;816;813;716;..;..;..;..;..;..
"1441 Lerum";51;59;51;60;50;62;65;61;70;57;55;50;50;53;58;54;46;56;31;20;..;..;..;..;..;..;775;746;716;656;690;779;925;1067;973;839;803;882;985;930;913;938;956;739;702;670;..;..;..;..;..;..;826;805;767;716;740;841;990;1128;1043;896;858;932;1035;983;971;992;1002;795;733;690;..;..;..;..;..;..
"1442 V�rg�rda";83;91;82;65;87;90;67;66;58;66;69;70;48;40;38;54;74;43;52;37;..;..;..;..;..;..;887;935;776;738;701;953;848;906;787;763;829;825;922;784;1077;993;903;831;781;735;..;..;..;..;..;..;970;1026;858;803;788;1043;915;972;845;829;898;895;970;824;1115;1047;977;874;833;772;..;..;..;..;..;..
"1443 Bollebygd";44;45;36;36;35;26;21;27;43;41;24;38;27;30;51;28;38;24;22;9;..;..;..;..;..;..;699;653;681;600;621;628;612;571;639;569;622;734;719;840;664;664;585;519;413;539;..;..;..;..;..;..;743;698;717;636;656;654;633;598;682;610;646;772;746;870;715;692;623;543;435;548;..;..;..;..;..;..
"1444 Gr�storp";39;107;73;44;47;70;90;82;53;45;42;48;60;48;42;25;25;28;71;25;..;..;..;..;..;..;555;660;693;720;839;974;1039;853;737;655;777;867;986;875;712;668;492;548;637;623;..;..;..;..;..;..;594;767;766;764;886;1044;1129;935;790;700;819;915;1046;923;754;693;517;576;708;648;..;..;..;..;..;..
"1445 Essunga";61;49;71;98;123;63;62;73;50;62;44;61;42;29;40;50;63;55;30;39;..;..;..;..;..;..;978;754;751;904;801;743;722;774;737;636;931;1102;1117;895;720;786;785;612;540;430;..;..;..;..;..;..;1039;803;822;1002;924;806;784;847;787;698;975;1163;1159;924;760;836;848;667;570;469;..;..;..;..;..;..
"1446 Karlsborg";84;53;37;28;31;41;32;26;20;25;33;13;30;29;32;53;37;26;32;16;..;..;..;..;..;..;675;626;451;549;432;500;603;536;740;615;664;590;778;699;682;869;632;633;668;655;..;..;..;..;..;..;759;679;488;577;463;541;635;562;760;640;697;603;808;728;714;922;669;659;700;671;..;..;..;..;..;..
"1447 Gullsp�ng";103;134;121;78;59;75;54;56;51;78;60;56;68;72;51;49;48;65;32;38;..;..;..;..;..;..;984;969;759;753;802;817;938;837;895;918;1154;1006;1142;975;851;776;640;743;679;580;..;..;..;..;..;..;1087;1103;880;831;861;892;992;893;946;996;1214;1062;1210;1047;902;825;688;808;711;618;..;..;..;..;..;..
"1452 Tranemo";48;41;52;58;44;55;51;41;38;41;55;37;49;36;36;32;29;27;27;40;..;..;..;..;..;..;635;599;589;586;658;513;573;573;632;508;556;603;661;641;673;771;660;562;465;504;..;..;..;..;..;..;683;640;641;644;702;568;624;614;670;549;611;640;710;677;709;803;689;589;492;544;..;..;..;..;..;..
"1460 Bengtsfors";56;63;50;84;75;66;61;64;66;64;49;26;48;32;33;47;32;33;23;24;..;..;..;..;..;..;825;707;758;927;731;661;771;732;867;680;803;703;731;775;671;728;588;544;609;434;..;..;..;..;..;..;881;770;808;1011;806;727;832;796;933;744;852;729;779;807;704;775;620;577;632;458;..;..;..;..;..;..
"1461 Mellerud";77;62;61;76;118;75;79;96;51;50;69;59;52;79;41;32;51;44;40;38;..;..;..;..;..;..;862;882;944;1116;1172;1215;1083;1072;1069;901;741;1011;1122;1111;943;926;677;615;718;522;..;..;..;..;..;..;939;944;1005;1192;1290;1290;1162;1168;1120;951;810;1070;1174;1190;984;958;728;659;758;560;..;..;..;..;..;..
"1462 Lilla Edet";118;115;87;84;82;75;85;71;107;115;77;76;42;59;43;36;58;56;41;37;..;..;..;..;..;..;1071;870;925;843;774;723;667;802;825;1128;1030;1042;1087;955;999;990;768;749;743;634;..;..;..;..;..;..;1189;985;1012;927;856;798;752;873;932;1243;1107;1118;1129;1014;1042;1026;826;805;784;671;..;..;..;..;..;..
"1463 Mark";65;64;71;79;66;62;65;64;53;62;72;54;59;46;48;37;41;51;39;37;..;..;..;..;..;..;886;809;734;735;727;737;719;660;699;809;750;864;1020;952;959;929;690;709;783;656;..;..;..;..;..;..;951;873;805;814;793;799;784;724;752;871;822;918;1079;998;1007;966;731;760;822;693;..;..;..;..;..;..
"1465 Svenljunga";55;70;76;91;86;82;68;85;77;87;86;62;50;52;56;57;44;43;56;47;..;..;..;..;..;..;967;677;798;826;815;854;893;1055;795;657;655;789;830;854;916;907;676;832;609;716;..;..;..;..;..;..;1022;747;874;917;901;936;961;1140;872;744;741;851;880;906;972;964;720;875;665;763;..;..;..;..;..;..
"1466 Herrljunga";101;75;70;74;54;51;72;84;48;34;49;37;32;40;44;34;45;50;33;23;..;..;..;..;..;..;816;762;800;664;566;582;644;696;707;683;621;793;668;653;784;570;578;581;582;495;..;..;..;..;..;..;917;837;870;738;620;633;716;780;755;717;670;830;700;693;828;604;623;631;615;518;..;..;..;..;..;..
"1470 Vara";83;71;64;63;71;77;69;69;78;61;63;48;31;39;46;35;28;44;36;47;..;..;..;..;..;..;967;836;782;726;1019;877;906;881;929;757;989;879;874;778;869;732;762;662;718;700;..;..;..;..;..;..;1050;907;846;789;1090;954;975;950;1007;818;1052;927;905;817;915;767;790;706;754;747;..;..;..;..;..;..
"1471 G�tene";65;52;56;57;46;45;34;32;19;13;24;33;38;25;35;18;18;33;20;26;..;..;..;..;..;..;828;626;652;618;578;642;640;609;727;525;688;632;615;537;486;511;440;451;535;414;..;..;..;..;..;..;893;678;708;675;624;687;674;641;746;538;712;665;653;562;521;529;458;484;555;440;..;..;..;..;..;..
"1472 Tibro";69;68;80;77;64;60;74;56;73;61;49;42;46;38;50;37;39;38;54;43;..;..;..;..;..;..;706;782;702;639;631;681;608;726;776;811;929;1079;1013;754;724;749;576;707;828;783;..;..;..;..;..;..;775;850;782;716;695;741;682;782;849;872;978;1121;1059;792;774;786;615;745;882;826;..;..;..;..;..;..
"1473 T�reboda";111;97;82;73;109;138;105;88;89;75;74;60;67;56;49;39;56;64;54;34;..;..;..;..;..;..;1372;1105;808;802;838;968;1096;1088;1063;882;1051;993;1184;1008;772;926;644;643;697;639;..;..;..;..;..;..;1483;1202;890;875;947;1106;1201;1176;1152;957;1125;1053;1251;1064;821;965;700;707;751;673;..;..;..;..;..;..
"1480 G�teborg";131;129;129;142;149;146;147;139;143;136;135;128;133;137;181;133;128;117;109;97;..;..;..;..;..;..;1814;1617;1607;1651;1650;1702;1729;1571;1639;1628;1641;1710;1764;1880;1849;1766;1672;1737;1721;1559;..;..;..;..;..;..;1945;1746;1736;1793;1799;1848;1876;1710;1782;1764;1776;1838;1897;2017;2030;1899;1800;1854;1830;1656;..;..;..;..;..;..
"1481 M�lndal";70;75;76;77;63;60;77;73;72;74;63;58;56;58;58;63;67;59;63;60;..;..;..;..;..;..;963;964;1025;1005;1036;874;992;1043;1073;1145;1107;1088;1011;1180;994;1102;1167;1153;1122;932;..;..;..;..;..;..;1033;1039;1101;1082;1099;934;1069;1116;1145;1219;1170;1146;1067;1238;1052;1165;1234;1212;1185;992;..;..;..;..;..;..
"1482 Kung�lv";50;68;57;63;66;81;59;73;77;72;52;60;54;54;58;46;43;35;39;31;..;..;..;..;..;..;999;897;921;864;877;814;929;793;904;834;938;875;922;1087;1164;896;829;987;904;801;..;..;..;..;..;..;1049;965;978;927;943;895;988;866;981;906;990;935;976;1141;1222;942;872;1022;943;832;..;..;..;..;..;..
"1484 Lysekil";88;98;81;100;84;61;89;78;62;71;80;62;55;43;45;39;50;43;50;42;..;..;..;..;..;..;958;955;888;966;914;826;954;895;859;816;986;930;892;851;938;758;850;847;965;977;..;..;..;..;..;..;1046;1053;969;1066;998;887;1043;973;921;887;1066;992;947;894;983;797;900;890;1015;1019;..;..;..;..;..;..
"1485 Uddevalla";104;104;88;86;90;92;82;133;97;84;93;94;83;79;73;78;61;65;58;46;..;..;..;..;..;..;1117;1171;1076;1075;1153;1158;1154;1158;1159;1117;1224;1392;1188;1272;1210;1092;1095;1086;1075;1112;..;..;..;..;..;..;1221;1275;1164;1161;1243;1250;1236;1291;1256;1201;1317;1486;1271;1351;1283;1170;1156;1151;1133;1158;..;..;..;..;..;..
"1486 Str�mstad";97;99;95;110;86;96;94;86;89;103;79;80;75;84;96;78;93;91;82;82;..;..;..;..;..;..;1080;1101;1093;986;1110;1231;1169;1223;1167;1311;1229;1220;1168;1301;1135;1243;1177;1115;956;1022;..;..;..;..;..;..;1177;1200;1188;1096;1196;1327;1263;1309;1256;1414;1308;1300;1243;1385;1231;1321;1270;1206;1038;1104;..;..;..;..;..;..
"1487 V�nersborg";99;86;82;85;79;81;72;61;71;73;64;56;60;53;52;60;46;37;45;50;..;..;..;..;..;..;951;975;875;983;823;860;850;806;871;853;1126;970;1021;917;968;942;844;826;863;804;..;..;..;..;..;..;1050;1061;957;1068;902;941;922;867;942;926;1190;1026;1081;970;1020;1002;890;863;908;854;..;..;..;..;..;..
"1488 Trollh�ttan";105;107;114;136;117;116;102;101;120;89;90;90;71;76;72;75;73;68;56;58;..;..;..;..;..;..;998;1118;1059;1074;1030;1046;1004;1170;1112;962;984;1097;902;931;1036;1005;971;953;900;813;..;..;..;..;..;..;1103;1225;1173;1210;1147;1162;1106;1271;1232;1051;1074;1187;973;1007;1108;1080;1044;1021;956;871;..;..;..;..;..;..
"1489 Alings�s";87;92;86;82;80;82;73;80;84;83;91;75;60;60;52;46;60;53;44;41;..;..;..;..;..;..;964;926;815;839;818;1076;1054;1140;1171;1133;1129;1214;1137;1077;1003;1014;1087;1013;928;888;..;..;..;..;..;..;1051;1018;901;921;898;1158;1127;1220;1255;1216;1220;1289;1197;1137;1055;1060;1147;1066;972;929;..;..;..;..;..;..
"1490 Bor�s";104;103;105;102;104;111;111;108;106;104;109;100;99;94;87;80;78;73;78;68;..;..;..;..;..;..;1076;1170;1034;1042;1010;1019;1009;1138;1099;1054;1113;1117;1110;1170;1210;1024;939;896;955;854;..;..;..;..;..;..;1180;1273;1139;1144;1114;1130;1120;1246;1205;1158;1222;1217;1209;1264;1297;1104;1017;969;1033;922;..;..;..;..;..;..
"1491 Ulricehamn";56;56;63;59;64;52;54;49;56;65;68;41;38;45;43;53;38;42;45;41;..;..;..;..;..;..;956;729;783;710;693;800;668;784;728;642;767;784;764;816;791;1074;758;631;615;710;..;..;..;..;..;..;1012;785;846;769;757;852;722;833;784;707;835;825;802;861;834;1127;796;673;660;751;..;..;..;..;..;..
"1492 �m�l";75;96;75;95;108;70;90;77;99;82;64;52;68;59;65;52;59;47;34;45;..;..;..;..;..;..;895;861;792;797;795;805;748;731;859;878;918;892;961;852;971;1063;771;727;634;619;..;..;..;..;..;..;970;957;867;892;903;875;838;808;958;960;982;944;1029;911;1036;1115;830;774;668;664;..;..;..;..;..;..
"1493 Mariestad";70;80;83;84;85;84;78;90;63;75;69;73;65;61;56;62;61;66;67;56;..;..;..;..;..;..;1183;994;873;832;903;1059;939;959;943;894;937;904;1007;956;966;966;843;911;1013;1086;..;..;..;..;..;..;1253;1074;956;916;988;1143;1017;1049;1006;969;1006;977;1072;1017;1022;1028;904;977;1080;1142;..;..;..;..;..;..
"1494 Lidk�ping";82;78;60;87;86;85;92;87;89;76;80;67;60;68;62;74;69;64;52;46;..;..;..;..;..;..;925;868;769;859;909;861;942;936;1049;900;984;1044;1122;1152;999;904;812;874;938;778;..;..;..;..;..;..;1007;946;829;946;995;946;1034;1023;1138;976;1064;1111;1182;1220;1061;978;881;938;990;824;..;..;..;..;..;..
"1495 Skara";111;105;92;102;108;107;116;126;116;87;85;100;69;57;55;67;74;56;66;65;..;..;..;..;..;..;1018;1122;1054;981;1062;1024;1228;1221;1074;1009;1164;1100;1151;1244;1130;993;889;1013;1199;1073;..;..;..;..;..;..;1129;1227;1146;1083;1170;1131;1344;1347;1190;1096;1249;1200;1220;1301;1185;1060;963;1069;1265;1138;..;..;..;..;..;..
"1496 Sk�vde";92;89;103;114;97;82;89;95;100;84;88;73;80;73;84;72;74;73;78;59;..;..;..;..;..;..;864;861;774;861;973;902;965;1023;1135;904;987;993;1017;996;1021;990;1080;876;941;826;..;..;..;..;..;..;956;950;877;975;1070;984;1054;1118;1235;988;1075;1066;1097;1069;1105;1062;1154;949;1019;885;..;..;..;..;..;..
"1497 Hjo";46;49;68;35;52;62;61;34;61;68;44;27;34;26;41;51;60;49;49;53;..;..;..;..;..;..;647;588;513;450;602;463;554;438;620;429;588;636;720;484;591;672;618;637;701;761;..;..;..;..;..;..;693;637;581;485;654;525;615;472;681;497;632;663;754;510;632;723;678;686;750;814;..;..;..;..;..;..
"1498 Tidaholm";132;100;129;97;110;80;66;85;61;62;64;56;48;56;64;50;62;42;37;36;..;..;..;..;..;..;759;735;691;775;744;778;777;844;757;772;798;844;840;831;727;861;785;762;637;650;..;..;..;..;..;..;891;835;820;872;854;858;843;929;818;834;862;900;888;887;791;911;847;804;674;686;..;..;..;..;..;..
"1499 Falk�ping";82;98;86;98;75;74;69;67;82;80;65;65;61;45;43;43;52;36;37;36;..;..;..;..;..;..;865;854;820;839;804;776;872;890;925;935;870;830;946;819;863;835;891;730;1015;678;..;..;..;..;..;..;947;952;906;937;879;850;941;957;1007;1015;935;895;1007;864;906;878;943;766;1052;714;..;..;..;..;..;..
"1715 Kil";52;57;54;44;62;39;40;50;57;52;28;31;29;15;39;33;28;27;40;30;..;..;..;..;..;..;726;621;672;653;609;684;650;614;637;638;669;724;608;585;600;694;631;833;620;500;..;..;..;..;..;..;778;678;726;697;671;723;690;664;694;690;697;755;637;600;639;727;659;860;660;530;..;..;..;..;..;..
"1730 Eda";88;79;99;118;87;94;104;91;77;62;63;29;29;37;31;25;30;36;25;14;..;..;..;..;..;..;1135;1108;1066;1169;1169;1109;1068;1111;803;699;960;775;809;658;692;722;670;654;652;461;..;..;..;..;..;..;1223;1187;1165;1287;1256;1203;1172;1202;880;761;1023;804;838;695;723;747;700;690;677;475;..;..;..;..;..;..
"1737 Torsby";81;79;69;104;100;84;79;95;71;68;85;70;60;50;58;58;48;47;44;44;..;..;..;..;..;..;655;717;713;737;744;766;823;779;788;1028;753;750;757;570;685;739;549;515;494;498;..;..;..;..;..;..;736;796;782;841;844;850;902;874;859;1096;838;820;817;620;743;797;597;562;538;542;..;..;..;..;..;..
"1760 Storfors";69;95;60;134;99;97;87;79;71;77;114;101;72;65;53;63;33;31;18;8;..;..;..;..;..;..;796;733;640;863;692;1008;908;739;838;730;801;920;928;720;771;743;610;761;687;481;..;..;..;..;..;..;865;828;700;997;791;1105;995;818;909;807;915;1021;1000;785;824;806;643;792;705;489;..;..;..;..;..;..
"1761 Hammar�";23;27;31;31;52;40;54;57;62;44;38;40;54;30;44;26;32;25;39;35;..;..;..;..;..;..;431;428;358;416;410;439;474;513;545;487;476;583;547;533;554;726;581;530;459;506;..;..;..;..;..;..;454;455;389;447;462;479;528;570;607;531;514;623;601;563;598;752;613;555;498;541;..;..;..;..;..;..
"1762 Munkfors";90;44;77;120;99;132;105;122;115;88;97;74;47;54;53;36;59;43;40;54;..;..;..;..;..;..;637;670;923;1024;610;862;807;941;1024;815;822;503;563;522;533;667;563;514;573;541;..;..;..;..;..;..;727;714;1000;1144;709;994;912;1063;1139;903;919;577;610;576;586;703;622;557;613;595;..;..;..;..;..;..
"1763 Forshaga";69;88;104;88;88;119;80;92;66;63;65;56;53;40;57;57;47;30;46;25;..;..;..;..;..;..;584;603;672;704;715;664;675;812;611;612;580;696;737;674;755;895;715;767;709;672;..;..;..;..;..;..;653;691;776;792;803;783;755;904;677;675;645;752;790;714;812;952;762;797;755;697;..;..;..;..;..;..
"1764 Grums";89;72;74;84;88;79;110;106;97;81;85;97;43;51;55;61;47;61;37;52;..;..;..;..;..;..;979;938;1053;1024;866;811;874;898;1307;979;870;1121;795;862;822;932;752;872;756;802;..;..;..;..;..;..;1068;1010;1127;1108;954;890;984;1004;1404;1060;955;1218;838;913;877;993;799;933;793;854;..;..;..;..;..;..
"1765 �rj�ng";66;59;52;44;57;56;82;49;34;51;48;37;53;28;40;41;34;42;54;51;..;..;..;..;..;..;866;740;794;907;748;719;1046;688;570;541;587;551;493;583;665;719;529;768;694;4831;..;..;..;..;..;..;932;799;846;951;805;775;1128;737;604;592;635;588;546;611;705;760;563;810;748;4882;..;..;..;..;..;..
"1766 Sunne";60;74;61;60;68;87;109;108;65;85;68;74;57;45;47;38;51;44;33;29;..;..;..;..;..;..;528;671;543;636;822;623;687;740;808;965;818;917;807;650;683;755;634;833;602;531;..;..;..;..;..;..;588;745;604;696;890;710;796;848;873;1050;886;991;864;695;730;793;685;877;635;560;..;..;..;..;..;..
"1780 Karlstad";83;92;78;104;100;101;114;111;105;92;92;81;85;66;67;68;62;58;66;59;..;..;..;..;..;..;1011;1045;995;1096;1096;1026;1096;1217;1243;1112;1076;1171;1155;1110;1107;1241;1227;1185;1276;1225;..;..;..;..;..;..;1094;1137;1073;1200;1196;1127;1210;1328;1348;1204;1168;1252;1240;1176;1174;1309;1289;1243;1342;1284;..;..;..;..;..;..
"1781 Kristinehamn";90;76;87;124;122;124;129;101;102;100;96;87;66;60;66;69;65;59;41;58;..;..;..;..;..;..;962;1104;974;1102;1159;1368;1583;1237;1367;1491;1390;1563;1425;1088;988;1196;1246;993;1202;1068;..;..;..;..;..;..;1052;1180;1061;1226;1281;1492;1712;1338;1469;1591;1486;1650;1491;1148;1054;1265;1311;1052;1243;1126;..;..;..;..;..;..
"1782 Filipstad";163;132;115;135;128;123;119;115;90;67;82;83;66;43;45;46;68;50;30;34;..;..;..;..;..;..;1383;1089;1180;1056;1108;880;970;1285;978;1158;1012;961;1063;822;894;1021;1037;1110;913;704;..;..;..;..;..;..;1546;1221;1295;1191;1236;1003;1089;1400;1068;1225;1094;1044;1129;865;939;1067;1105;1160;943;738;..;..;..;..;..;..
"1783 Hagfors";93;71;83;74;89;76;60;85;89;57;60;76;66;68;76;53;53;47;35;53;..;..;..;..;..;..;831;728;700;834;721;691;745;778;651;815;793;841;1107;863;660;881;687;579;547;460;..;..;..;..;..;..;924;799;783;908;810;767;805;863;740;872;853;917;1173;931;736;934;740;626;582;513;..;..;..;..;..;..
"1784 Arvika";81;81;91;104;96;109;90;117;105;80;75;64;56;62;50;52;58;45;41;49;..;..;..;..;..;..;1002;970;924;1102;901;1022;1133;1073;1145;897;944;994;894;866;980;1006;943;892;886;743;..;..;..;..;..;..;1083;1051;1015;1206;997;1131;1223;1190;1250;977;1019;1058;950;928;1030;1058;1001;937;927;792;..;..;..;..;..;..
"1785 S�ffle";91;86;62;96;92;95;71;67;74;69;53;51;34;42;42;34;45;29;46;46;..;..;..;..;..;..;909;858;771;815;823;854;817;727;810;728;861;740;610;534;556;787;566;593;616;580;..;..;..;..;..;..;1000;944;833;911;915;949;888;794;884;797;914;791;644;576;598;821;611;622;662;626;..;..;..;..;..;..
"1814 Lekeberg";44;49;33;59;74;50;38;68;80;49;40;41;50;65;46;69;67;38;47;40;..;..;..;..;..;..;497;509;495;652;475;580;601;681;713;615;837;536;686;878;833;937;803;779;814;577;..;..;..;..;..;..;541;558;528;711;549;630;639;749;793;664;877;577;736;943;879;1006;870;817;861;617;..;..;..;..;..;..
"1860 Lax�";145;210;99;72;92;80;96;54;58;62;44;89;65;58;81;40;55;51;52;33;..;..;..;..;..;..;1389;1108;882;957;1070;802;952;684;779;742;859;1003;890;892;859;1037;820;944;841;686;..;..;..;..;..;..;1534;1318;981;1029;1162;882;1048;738;837;804;903;1092;955;950;940;1077;875;995;893;719;..;..;..;..;..;..
"1861 Hallsberg";89;96;81;114;84;99;103;85;89;95;70;83;64;49;53;57;52;49;39;36;..;..;..;..;..;..;1021;1003;915;1358;1171;931;992;1136;945;1062;995;910;975;874;831;970;1078;874;851;780;..;..;..;..;..;..;1110;1099;996;1472;1255;1030;1095;1221;1034;1157;1065;993;1039;923;884;1027;1130;923;890;816;..;..;..;..;..;..
"1862 Degerfors";60;72;66;91;120;106;90;83;93;74;36;116;76;63;93;55;43;41;36;49;..;..;..;..;..;..;876;829;833;996;1268;888;1146;945;916;834;822;1001;1166;1070;1071;1210;969;802;811;754;..;..;..;..;..;..;936;901;899;1087;1388;994;1236;1028;1009;908;858;1117;1242;1133;1164;1265;1012;843;847;803;..;..;..;..;..;..
"1863 H�llefors";90;52;97;105;89;38;69;67;48;74;47;40;37;56;35;56;64;56;59;46;..;..;..;..;..;..;1272;838;895;1104;836;608;689;603;565;654;750;792;723;805;821;1033;764;1059;1057;1015;..;..;..;..;..;..;1362;890;992;1209;925;646;758;670;613;728;797;832;760;861;856;1089;828;1115;1116;1061;..;..;..;..;..;..
"1864 Ljusnarsberg";132;129;126;181;120;116;128;120;107;95;82;56;83;78;66;51;55;66;61;71;..;..;..;..;..;..;1167;1279;1240;1332;1353;1262;1539;1318;1483;1458;1102;1060;1165;1031;930;1031;749;1271;1233;1072;..;..;..;..;..;..;1299;1408;1366;1513;1473;1378;1667;1438;1590;1553;1184;1116;1248;1109;996;1082;804;1337;1294;1143;..;..;..;..;..;..
"1880 �rebro";117;122;115;132;135;139;136;133;129;121;124;114;109;102;103;90;105;92;87;72;..;..;..;..;..;..;1325;1333;1291;1293;1414;1362;1429;1496;1534;1654;1561;1645;1671;1583;1476;1464;1485;1456;1636;1361;..;..;..;..;..;..;1442;1455;1406;1425;1549;1501;1565;1629;1663;1775;1685;1759;1780;1685;1579;1554;1590;1548;1723;1433;..;..;..;..;..;..
"1881 Kumla";102;112;112;116;102;123;106;152;118;95;124;104;93;79;64;76;62;68;63;52;..;..;..;..;..;..;974;1040;973;923;966;1145;968;1202;958;848;972;980;1103;961;967;1030;974;910;978;875;..;..;..;..;..;..;1076;1152;1085;1039;1068;1268;1074;1354;1076;943;1096;1084;1196;1040;1031;1106;1036;978;1041;927;..;..;..;..;..;..
"1882 Askersund";101;81;120;120;74;58;65;101;65;57;51;56;57;68;48;45;54;35;48;30;..;..;..;..;..;..;953;821;792;910;953;728;949;894;787;787;817;759;855;833;838;958;789;693;678;535;..;..;..;..;..;..;1054;902;912;1030;1027;786;1014;995;852;844;868;815;912;901;886;1003;843;728;726;565;..;..;..;..;..;..
"1883 Karlskoga";101;91;88;131;115;98;112;116;112;102;88;100;88;82;78;64;68;73;93;77;..;..;..;..;..;..;1068;1130;1066;1263;1253;1293;1066;1196;1090;1067;1018;1068;1181;1067;1175;1265;1382;1273;1271;1250;..;..;..;..;..;..;1169;1221;1154;1394;1368;1391;1178;1312;1202;1169;1106;1168;1269;1149;1253;1329;1450;1346;1364;1327;..;..;..;..;..;..
"1884 Nora";61;90;43;54;56;76;85;74;60;69;52;63;39;61;42;82;53;49;48;46;..;..;..;..;..;..;675;620;648;764;830;656;752;648;690;834;762;553;703;771;879;965;713;756;618;668;..;..;..;..;..;..;736;710;691;818;886;732;837;722;750;903;814;616;742;832;921;1047;766;805;666;714;..;..;..;..;..;..
"1885 Lindesberg";105;104;85;126;111;125;108;98;84;93;88;74;68;66;57;64;58;61;57;49;..;..;..;..;..;..;936;980;825;877;1058;925;888;1030;871;833;881;862;903;908;851;853;677;710;749;817;..;..;..;..;..;..;1041;1084;910;1003;1169;1050;996;1128;955;926;969;936;971;974;908;917;735;771;806;866;..;..;..;..;..;..
"1904 Skinnskatteberg";61;140;82;84;113;76;152;133;78;107;96;78;64;77;87;37;47;54;59;48;..;..;..;..;..;..;831;1151;945;1025;1091;1122;1291;1079;884;688;1028;1169;1096;908;815;883;611;754;788;630;..;..;..;..;..;..;892;1291;1027;1109;1204;1198;1443;1212;962;795;1124;1247;1160;985;902;920;658;808;847;678;..;..;..;..;..;..
"1907 Surahammar";97;98;72;110;87;118;99;98;60;52;79;68;74;62;50;49;55;66;58;38;..;..;..;..;..;..;809;1043;669;739;806;777;822;965;624;692;700;714;875;935;830;919;918;771;798;755;..;..;..;..;..;..;906;1141;741;849;893;895;921;1063;684;744;779;782;949;997;880;968;973;837;856;793;..;..;..;..;..;..
"1960 Kungs�r";75;96;64;51;77;93;87;99;49;85;101;50;60;24;55;31;44;51;28;17;..;..;..;..;..;..;720;817;619;681;781;762;823;660;723;844;725;632;612;681;677;563;456;455;531;502;..;..;..;..;..;..;795;913;683;732;858;855;910;759;772;929;826;682;672;705;732;594;500;506;559;519;..;..;..;..;..;..
"1961 Hallstahammar";96;100;92;101;114;96;119;114;95;87;81;83;113;96;69;62;65;65;65;50;..;..;..;..;..;..;815;960;949;1013;1104;1027;1022;1212;891;840;931;986;1176;1246;1108;1218;931;924;991;871;..;..;..;..;..;..;911;1060;1041;1114;1218;1123;1141;1326;986;927;1012;1069;1289;1342;1177;1280;996;989;1056;921;..;..;..;..;..;..
"1962 Norberg";222;173;135;111;129;68;80;78;93;120;86;99;68;93;59;50;39;42;47;28;..;..;..;..;..;..;1186;1199;965;1000;1122;1043;1056;1453;978;994;1107;1100;1128;856;969;1369;949;990;1024;751;..;..;..;..;..;..;1408;1372;1100;1111;1251;1111;1136;1531;1071;1114;1193;1199;1196;949;1028;1419;988;1032;1071;779;..;..;..;..;..;..
"1980 V�ster�s";111;118;113;122;125;143;145;147;126;127;114;118;109;102;93;93;87;77;85;70;..;..;..;..;..;..;1208;1219;1190;1248;1398;1390;1469;1607;1378;1475;1454;1491;1528;1675;1638;1745;1584;1501;1676;1396;..;..;..;..;..;..;1319;1337;1303;1370;1523;1533;1614;1754;1504;1602;1568;1609;1637;1777;1731;1838;1671;1578;1761;1466;..;..;..;..;..;..
"1981 Sala";121;104;112;129;130;143;135;140;105;129;106;128;94;79;94;76;68;75;70;62;..;..;..;..;..;..;1121;996;1001;1142;1131;1144;1269;1136;1131;1191;1247;1161;1095;1098;1180;1351;1061;1301;1045;1029;..;..;..;..;..;..;1242;1100;1113;1271;1261;1287;1404;1276;1236;1320;1353;1289;1189;1177;1274;1427;1129;1376;1115;1091;..;..;..;..;..;..
"1982 Fagersta";137;135;111;180;142;146;145;197;166;130;118;142;148;110;100;95;99;99;97;70;..;..;..;..;..;..;950;1216;929;1082;1283;1442;1303;1247;1286;1014;1415;1818;1625;1443;1099;1199;1082;1319;1047;806;..;..;..;..;..;..;1087;1351;1040;1262;1425;1588;1448;1444;1452;1144;1533;1960;1773;1553;1199;1294;1181;1418;1144;876;..;..;..;..;..;..
"1983 K�ping";106;119;117;108;119;119;152;148;130;139;122;109;101;91;96;83;65;78;72;73;..;..;..;..;..;..;1006;963;981;944;1119;1218;1264;1295;1238;1081;1227;1193;1109;1296;1112;1019;953;739;825;662;..;..;..;..;..;..;1112;1082;1098;1052;1238;1337;1416;1443;1368;1220;1349;1302;1210;1387;1208;1102;1018;817;897;735;..;..;..;..;..;..
"1984 Arboga";113;116;73;98;120;105;92;92;108;89;67;82;83;72;55;69;58;49;46;53;..;..;..;..;..;..;919;991;1007;954;1258;994;1070;1140;1077;941;1050;1103;1007;1050;857;861;730;702;714;721;..;..;..;..;..;..;1032;1107;1080;1052;1378;1099;1162;1232;1185;1030;1117;1185;1090;1122;912;930;788;751;760;774;..;..;..;..;..;..
"2021 Vansbro";75;64;43;63;75;66;60;39;66;53;28;42;56;35;33;36;26;49;27;33;..;..;..;..;..;..;574;525;567;640;753;713;575;519;618;477;487;557;486;520;480;527;457;560;492;389;..;..;..;..;..;..;649;589;610;703;828;779;635;558;684;530;515;599;542;555;513;563;483;609;519;422;..;..;..;..;..;..
"2023 Malung-S�len";167;130;121;154;182;123;165;127;128;99;89;94;92;76;59;51;80;65;68;72;..;..;..;..;..;..;1137;935;1251;1140;1324;1395;1529;1160;1000;918;1083;1387;1475;1306;1314;1277;1125;1170;1336;1189;..;..;..;..;..;..;1304;1065;1372;1294;1506;1518;1694;1287;1128;1017;1172;1481;1567;1382;1373;1328;1205;1235;1404;1261;..;..;..;..;..;..
"2026 Gagnef";48;39;54;71;37;35;49;38;56;24;30;30;33;15;26;15;17;19;20;15;..;..;..;..;..;..;437;507;549;401;394;610;481;532;482;475;460;516;523;526;553;513;523;553;471;542;..;..;..;..;..;..;485;546;603;472;431;645;530;570;538;499;490;546;556;541;579;528;540;572;491;557;..;..;..;..;..;..
"2029 Leksand";63;45;55;53;58;79;67;58;63;68;69;53;51;47;48;36;36;26;28;27;..;..;..;..;..;..;489;551;649;522;675;627;632;685;577;586;745;660;806;554;701;640;637;740;784;682;..;..;..;..;..;..;552;596;704;575;733;706;699;743;640;654;814;713;857;601;749;676;673;766;812;709;..;..;..;..;..;..
"2031 R�ttvik";95;117;87;91;114;90;111;70;83;72;74;72;93;52;39;56;52;60;40;40;..;..;..;..;..;..;743;883;771;766;658;661;859;718;602;690;708;831;801;645;612;994;609;629;618;839;..;..;..;..;..;..;838;1000;858;857;772;751;970;788;685;762;782;903;894;697;651;1050;661;689;658;879;..;..;..;..;..;..
"2034 Orsa";68;91;110;92;91;100;82;90;82;70;60;80;43;77;52;31;35;32;44;41;..;..;..;..;..;..;780;953;741;728;785;640;777;731;740;645;798;962;961;926;696;796;653;731;689;738;..;..;..;..;..;..;848;1044;851;820;876;740;859;821;822;715;858;1042;1004;1003;748;827;688;763;733;779;..;..;..;..;..;..
"2039 �lvdalen";118;88;75;75;71;105;106;56;82;66;78;68;66;35;47;34;29;37;41;45;..;..;..;..;..;..;710;640;680;849;848;693;811;755;737;712;739;997;926;839;602;894;633;784;752;655;..;..;..;..;..;..;828;728;755;924;919;798;917;811;819;778;817;1065;992;874;649;928;662;821;793;700;..;..;..;..;..;..
"2061 Smedjebacken";61;79;80;81;80;83;86;69;76;72;58;53;58;28;54;45;38;38;38;27;..;..;..;..;..;..;629;707;543;676;629;671;698;651;662;600;781;1166;1043;838;751;810;687;691;587;586;..;..;..;..;..;..;690;786;623;757;709;754;784;720;738;672;839;1219;1101;866;805;855;725;729;625;613;..;..;..;..;..;..
"2062 Mora";83;74;64;68;75;73;60;72;82;84;66;65;56;45;56;55;50;60;52;42;..;..;..;..;..;..;901;713;718;715;668;756;773;768;847;778;801;874;906;875;917;957;849;804;837;673;..;..;..;..;..;..;984;787;782;783;743;829;833;840;929;862;867;939;962;920;973;1012;899;864;889;715;..;..;..;..;..;..
"2080 Falun";75;82;89;101;95;102;103;96;89;86;70;72;61;76;70;65;61;51;49;48;..;..;..;..;..;..;760;757;679;829;759;887;956;982;948;862;928;986;1003;934;1040;1134;983;1054;1048;885;..;..;..;..;..;..;835;839;768;930;854;989;1059;1078;1037;948;998;1058;1064;1010;1110;1199;1044;1105;1097;933;..;..;..;..;..;..
"2081 Borl�nge";112;113;116;145;152;136;153;138;122;112;123;105;117;112;97;101;104;105;94;89;..;..;..;..;..;..;1161;1072;1094;1264;1439;1337;1481;1536;1533;1516;1630;1651;1538;1562;1647;1948;1618;1606;1847;1706;..;..;..;..;..;..;1273;1185;1210;1409;1591;1473;1634;1674;1655;1628;1753;1756;1655;1674;1744;2049;1722;1711;1941;1795;..;..;..;..;..;..
"2082 S�ter";78;56;95;82;88;95;74;47;66;59;52;50;53;46;49;57;44;44;53;38;..;..;..;..;..;..;700;575;693;637;702;689;966;817;808;912;885;872;813;859;945;962;777;899;870;760;..;..;..;..;..;..;778;631;788;719;790;784;1040;864;874;971;937;922;866;905;994;1019;821;943;923;798;..;..;..;..;..;..
"2083 Hedemora";113;100;104;128;135;145;121;101;111;96;79;79;71;59;52;61;53;39;31;38;..;..;..;..;..;..;860;948;950;1068;875;997;973;1031;956;789;1022;1081;1021;1152;975;1236;923;881;771;778;..;..;..;..;..;..;973;1048;1054;1196;1010;1142;1094;1132;1067;885;1101;1160;1092;1211;1027;1297;976;920;802;816;..;..;..;..;..;..
"2084 Avesta";101;117;111;90;114;123;101;91;80;94;73;84;63;74;57;58;53;58;47;46;..;..;..;..;..;..;876;840;867;980;1166;1164;1161;1185;1204;1212;1106;1078;1150;933;1012;1229;971;940;977;727;..;..;..;..;..;..;977;957;978;1070;1280;1287;1262;1276;1284;1306;1179;1162;1213;1007;1069;1287;1024;998;1024;773;..;..;..;..;..;..
"2085 Ludvika";129;114;104;115;108;118;129;119;93;73;93;75;69;64;75;66;60;80;60;54;..;..;..;..;..;..;972;858;742;846;764;957;919;833;853;906;1121;1127;1116;988;868;989;843;919;878;802;..;..;..;..;..;..;1101;972;846;961;872;1075;1048;952;946;979;1214;1202;1185;1052;943;1055;903;999;938;856;..;..;..;..;..;..
"2101 Ockelbo";108;69;84;83;86;55;78;55;28;23;31;42;25;21;18;60;37;19;16;17;..;..;..;..;..;..;980;625;721;698;686;695;833;669;646;513;592;611;666;626;586;502;474;668;1064;405;..;..;..;..;..;..;1088;694;805;781;772;750;911;724;674;536;623;653;691;647;604;562;511;687;1080;422;..;..;..;..;..;..
"2104 Hofors";66;62;73;100;88;97;109;114;72;85;70;66;62;45;35;47;40;33;54;38;..;..;..;..;..;..;620;649;769;987;815;1912;895;853;737;724;729;814;752;595;608;780;825;863;698;638;..;..;..;..;..;..;686;711;842;1087;903;2009;1004;967;809;809;799;880;814;640;643;827;865;896;752;676;..;..;..;..;..;..
"2121 Ovan�ker";72;55;40;39;37;60;65;36;48;37;29;29;40;23;27;25;13;19;28;23;..;..;..;..;..;..;500;493;449;419;500;609;523;538;580;519;591;589;633;563;471;418;370;348;339;370;..;..;..;..;..;..;572;548;489;458;537;669;588;574;628;556;620;618;673;586;498;443;383;367;367;393;..;..;..;..;..;..
"2132 Nordanstig";59;66;46;63;62;55;38;49;63;47;36;41;35;52;41;33;26;48;39;30;..;..;..;..;..;..;558;524;483;532;555;574;525;788;620;454;500;465;458;466;488;539;505;565;488;510;..;..;..;..;..;..;617;590;529;595;617;629;563;837;683;501;536;506;493;518;529;572;531;613;527;540;..;..;..;..;..;..
"2161 Ljusdal";86;86;43;80;84;86;83;63;54;98;54;55;78;41;54;48;50;36;40;38;..;..;..;..;..;..;830;836;646;720;699;754;915;710;719;744;851;766;831;872;732;767;639;589;695;671;..;..;..;..;..;..;916;922;689;800;783;840;998;773;773;842;905;821;909;913;786;815;689;625;735;709;..;..;..;..;..;..
"2180 G�vle";115;108;111;122;125;132;142;126;125;132;119;105;101;90;80;72;84;81;63;61;..;..;..;..;..;..;1132;1222;1036;1054;1037;1015;1218;1333;1189;1102;1136;1141;1319;1249;1235;1197;1056;1189;1283;1851;..;..;..;..;..;..;1247;1330;1147;1176;1162;1147;1360;1459;1314;1234;1255;1246;1420;1339;1315;1269;1140;1270;1346;1912;..;..;..;..;..;..
"2181 Sandviken";75;80;79;77;86;90;106;95;94;86;78;55;54;46;47;52;82;47;38;36;..;..;..;..;..;..;876;918;939;858;865;855;869;987;952;949;1106;1051;987;915;920;955;843;999;981;841;..;..;..;..;..;..;951;998;1018;935;951;945;975;1082;1046;1035;1184;1106;1041;961;967;1007;925;1046;1019;877;..;..;..;..;..;..
"2182 S�derhamn";122;115;121;118;90;128;121;120;95;83;93;78;75;68;49;53;45;38;31;34;..;..;..;..;..;..;1074;1185;989;889;939;1005;1009;1114;1004;964;990;1117;1260;1072;883;862;687;708;621;759;..;..;..;..;..;..;1196;1300;1110;1007;1029;1133;1130;1234;1099;1047;1083;1195;1335;1140;932;915;732;746;652;793;..;..;..;..;..;..
"2183 Bolln�s";121;120;108;104;123;117;126;96;98;92;91;61;56;46;42;46;45;58;39;37;..;..;..;..;..;..;782;873;728;717;864;719;909;752;869;966;790;748;671;800;580;703;641;728;578;531;..;..;..;..;..;..;903;993;836;821;987;836;1035;848;967;1058;881;809;727;846;622;749;686;786;617;568;..;..;..;..;..;..
"2184 Hudiksvall";78;91;76;66;85;90;82;83;84;74;69;51;52;49;44;60;57;50;46;36;..;..;..;..;..;..;957;855;714;724;740;947;810;833;874;762;752;717;759;875;717;934;916;775;728;645;..;..;..;..;..;..;1035;946;790;790;825;1037;892;916;958;836;821;768;811;924;761;994;973;825;774;681;..;..;..;..;..;..
"2260 �nge";112;72;76;82;62;81;92;97;100;79;83;67;74;45;34;47;39;28;26;25;..;..;..;..;..;..;669;648;684;556;568;608;822;755;795;741;806;681;780;663;587;597;497;412;549;500;..;..;..;..;..;..;781;720;760;638;630;689;914;852;895;820;889;748;854;708;621;644;536;440;575;525;..;..;..;..;..;..
"2262 Timr�";76;94;96;87;123;70;101;71;90;92;80;95;69;76;79;50;57;49;40;46;..;..;..;..;..;..;834;938;781;779;741;809;809;917;1018;940;981;984;973;1136;973;1056;937;827;1022;835;..;..;..;..;..;..;910;1032;877;866;864;879;910;988;1108;1032;1061;1079;1042;1212;1052;1106;994;876;1062;881;..;..;..;..;..;..
"2280 H�rn�sand";126;110;123;151;131;156;167;162;145;110;99;106;82;69;63;48;57;47;48;38;..;..;..;..;..;..;1119;1017;1110;959;933;947;1077;1223;1207;997;955;968;920;979;946;1059;954;934;955;765;..;..;..;..;..;..;1245;1127;1233;1110;1064;1103;1244;1385;1352;1107;1054;1074;1002;1048;1009;1107;1011;981;1003;803;..;..;..;..;..;..
"2281 Sundsvall";113;111;109;123;136;137;130;124;132;140;121;113;123;118;99;92;78;71;77;78;..;..;..;..;..;..;1119;1189;1111;1100;1163;1256;1261;1351;1296;1325;1230;1206;1160;1184;1104;1473;1284;1242;1250;1123;..;..;..;..;..;..;1232;1300;1220;1223;1299;1393;1391;1475;1428;1465;1351;1319;1283;1302;1203;1565;1362;1313;1327;1201;..;..;..;..;..;..
"2282 Kramfors";121;112;97;102;104;106;103;82;77;90;98;75;96;82;70;73;70;53;70;56;..;..;..;..;..;..;1059;1138;1041;852;919;979;977;1102;1023;880;1008;1004;997;1136;929;979;935;757;803;713;..;..;..;..;..;..;1180;1250;1138;954;1023;1085;1080;1184;1100;970;1106;1079;1093;1218;999;1052;1005;810;873;769;..;..;..;..;..;..
"2283 Sollefte�";132;91;101;118;119;107;104;91;89;87;98;70;66;72;71;65;50;31;61;55;..;..;..;..;..;..;1136;958;863;898;1065;1119;1054;1095;1047;1078;1070;1233;1268;857;930;1038;788;747;1012;792;..;..;..;..;..;..;1268;1049;964;1016;1184;1226;1158;1186;1136;1165;1168;1303;1334;929;1001;1103;838;778;1073;847;..;..;..;..;..;..
"2284 �rnsk�ldsvik";68;64;59;100;76;71;68;70;73;56;57;49;57;48;45;43;46;40;37;28;..;..;..;..;..;..;613;717;592;713;674;674;718;675;623;653;558;570;574;490;474;525;534;453;504;449;..;..;..;..;..;..;681;781;651;813;750;745;786;745;696;709;615;619;631;538;519;568;580;493;541;477;..;..;..;..;..;..
"2303 Ragunda";120;64;70;47;65;48;41;40;33;59;27;17;52;28;16;33;23;20;50;39;..;..;..;..;..;..;659;408;457;465;467;450;499;555;550;622;661;724;738;666;504;501;749;555;633;581;..;..;..;..;..;..;779;472;527;512;532;498;540;595;583;681;688;741;790;694;520;534;772;575;683;620;..;..;..;..;..;..
"2305 Br�cke";53;58;68;76;79;68;91;74;64;67;65;56;47;45;44;44;46;35;32;19;..;..;..;..;..;..;549;513;568;543;770;782;835;987;587;603;716;738;775;645;576;756;814;670;690;651;..;..;..;..;..;..;602;571;636;619;849;850;926;1061;651;670;781;794;822;690;620;800;860;705;722;670;..;..;..;..;..;..
"2309 Krokom";54;62;51;43;56;74;63;78;69;39;36;35;35;27;31;24;34;27;31;18;..;..;..;..;..;..;448;418;408;459;437;643;619;608;630;477;505;462;536;417;538;527;467;465;375;351;..;..;..;..;..;..;502;480;459;502;493;717;682;686;699;516;541;497;571;444;569;551;501;492;406;369;..;..;..;..;..;..
"2313 Str�msund";70;65;81;76;81;65;71;67;85;67;51;53;48;37;49;33;33;28;27;18;..;..;..;..;..;..;535;599;625;522;610;590;556;701;606;681;510;575;712;581;569;521;458;531;400;389;..;..;..;..;..;..;605;664;706;598;691;655;627;768;691;748;561;628;760;618;618;554;491;559;427;407;..;..;..;..;..;..
"2321 �re";109;114;95;117;162;128;105;130;102;76;68;60;77;61;42;47;40;63;51;58;..;..;..;..;..;..;866;829;958;1060;1287;1194;1152;1050;1213;1025;1014;1152;1011;1080;1056;1100;1034;1128;1097;1122;..;..;..;..;..;..;975;943;1053;1177;1449;1322;1257;1180;1315;1101;1082;1212;1088;1141;1098;1147;1074;1191;1148;1180;..;..;..;..;..;..
"2326 Berg";88;55;74;58;133;49;53;33;67;84;45;38;15;31;39;23;31;28;16;20;..;..;..;..;..;..;631;528;608;710;629;539;557;712;680;509;539;504;535;511;557;528;628;453;421;287;..;..;..;..;..;..;719;583;682;768;762;588;610;745;747;593;584;542;550;542;596;551;659;481;437;307;..;..;..;..;..;..
"2361 H�rjedalen";71;76;62;67;92;72;77;62;63;56;42;38;37;35;31;45;52;32;44;37;..;..;..;..;..;..;917;652;693;861;1008;916;978;859;831;737;857;872;800;780;699;823;802;738;741;766;..;..;..;..;..;..;988;728;755;928;1100;988;1055;921;894;793;899;910;837;815;730;868;854;770;785;803;..;..;..;..;..;..
"2380 �stersund";108;107;111;118;151;137;120;132;133;125;109;98;89;89;96;89;91;85;87;65;..;..;..;..;..;..;1126;913;915;969;1073;1137;1126;1254;1245;1204;1160;1172;1088;1059;993;1098;1079;1050;1075;907;..;..;..;..;..;..;1234;1020;1026;1087;1224;1274;1246;1386;1378;1329;1269;1270;1177;1148;1089;1187;1170;1135;1162;972;..;..;..;..;..;..
"2401 Nordmaling";106;60;51;54;52;71;73;67;44;47;37;44;49;41;48;27;22;25;26;22;..;..;..;..;..;..;807;536;487;603;454;599;684;582;569;649;632;599;600;584;434;501;331;343;367;458;..;..;..;..;..;..;913;596;538;657;506;670;757;649;613;696;669;643;649;625;482;528;353;368;393;480;..;..;..;..;..;..
"2403 Bjurholm";53;115;21;37;94;52;68;43;51;31;20;27;15;19;0;37;7;29;11;4;..;..;..;..;..;..;734;544;436;487;556;339;510;628;515;424;404;376;529;442;128;356;340;296;310;329;..;..;..;..;..;..;787;659;457;524;650;391;578;671;566;455;424;403;544;461;128;393;347;325;321;333;..;..;..;..;..;..
"2404 Vindeln";37;39;47;43;66;76;61;36;37;14;38;26;15;30;20;23;11;22;22;11;..;..;..;..;..;..;688;690;663;689;585;575;523;376;446;384;519;621;517;525;472;601;331;454;431;344;..;..;..;..;..;..;725;729;710;732;651;651;584;412;483;398;557;647;532;555;492;624;342;476;453;355;..;..;..;..;..;..
"2409 Robertsfors";68;95;40;34;40;25;41;41;36;24;28;23;27;25;16;33;37;23;21;10;..;..;..;..;..;..;529;480;467;545;579;570;527;512;444;499;436;391;405;400;401;458;382;322;355;418;..;..;..;..;..;..;597;575;507;579;619;595;568;553;480;523;464;414;432;425;417;491;419;345;376;428;..;..;..;..;..;..
"2417 Norsj�";41;67;53;36;54;60;57;44;23;38;18;16;22;17;17;53;35;16;10;22;..;..;..;..;..;..;660;579;453;404;583;572;580;592;444;508;465;600;548;451;525;623;326;388;300;348;..;..;..;..;..;..;701;646;506;440;637;632;637;636;467;546;483;616;570;468;542;676;361;404;310;370;..;..;..;..;..;..
"2418 Mal�";39;57;28;53;40;46;66;92;45;27;23;26;23;34;14;25;29;16;23;13;..;..;..;..;..;..;498;463;388;495;480;536;456;537;443;505;491;551;550;345;431;482;488;450;339;412;..;..;..;..;..;..;537;520;416;548;520;582;522;629;488;532;514;577;573;379;445;507;517;466;362;425;..;..;..;..;..;..
"2421 Storuman";55;67;127;75;68;58;67;77;58;25;28;41;39;59;70;60;38;43;30;30;..;..;..;..;..;..;656;717;756;758;691;695;728;645;616;564;578;750;844;774;668;800;648;668;519;534;..;..;..;..;..;..;711;784;883;833;759;753;795;722;674;589;606;791;883;833;738;860;686;711;549;564;..;..;..;..;..;..
"2422 Sorsele";43;50;53;78;37;55;66;83;70;135;24;61;73;74;63;37;43;45;36;39;..;..;..;..;..;..;748;582;691;696;559;712;756;1079;1071;911;989;791;929;917;958;1078;748;845;928;769;..;..;..;..;..;..;791;632;744;774;596;767;822;1162;1141;1046;1013;852;1002;991;1021;1115;791;890;964;808;..;..;..;..;..;..
"2425 Dorotea";36;62;40;85;56;301;41;61;50;72;48;94;114;15;75;51;32;20;49;42;..;..;..;..;..;..;601;587;472;594;460;661;589;626;887;965;827;642;742;554;689;690;441;678;598;454;..;..;..;..;..;..;637;649;512;679;516;962;630;687;937;1037;875;736;856;569;764;741;473;698;647;496;..;..;..;..;..;..
"2460 V�nn�s";56;78;64;73;71;89;84;65;50;46;42;40;64;52;52;36;29;38;30;26;..;..;..;..;..;..;487;517;532;580;686;477;575;651;695;637;629;553;543;613;518;627;660;691;582;698;..;..;..;..;..;..;543;595;596;653;757;566;659;716;745;683;671;593;607;665;570;663;689;729;612;724;..;..;..;..;..;..
"2462 Vilhelmina";88;73;58;82;140;123;114;119;70;93;60;69;55;36;49;54;62;68;57;50;..;..;..;..;..;..;735;603;677;633;794;843;796;798;627;749;640;645;810;700;779;745;559;710;769;675;..;..;..;..;..;..;823;676;735;715;934;966;910;917;697;842;700;714;865;736;828;799;621;778;826;725;..;..;..;..;..;..
"2463 �sele";99;88;123;134;112;143;130;93;67;109;75;97;98;94;92;68;69;115;80;53;..;..;..;..;..;..;843;721;714;986;923;913;919;1061;820;725;827;979;973;999;1016;802;739;778;448;653;..;..;..;..;..;..;942;809;837;1120;1035;1056;1049;1154;887;834;902;1076;1071;1093;1108;870;808;893;528;706;..;..;..;..;..;..
"2480 Ume�";79;85;79;90;106;109;105;99;101;90;82;74;78;70;72;68;68;66;69;58;..;..;..;..;..;..;800;796;793;748;801;899;909;877;991;905;826;806;853;919;840;878;804;860;1028;987;..;..;..;..;..;..;879;881;872;838;907;1008;1014;976;1092;995;908;880;931;989;912;946;872;926;1097;1045;..;..;..;..;..;..
"2481 Lycksele";100;95;110;105;127;114;99;94;89;92;94;96;76;67;71;65;59;53;54;37;..;..;..;..;..;..;1028;905;965;859;1250;817;758;902;767;748;721;693;771;1003;897;781;587;531;645;671;..;..;..;..;..;..;1128;1000;1075;964;1377;931;857;996;856;840;815;789;847;1070;968;846;646;584;699;708;..;..;..;..;..;..
"2482 Skellefte�";88;78;76;88;94;93;88;87;77;63;55;52;62;50;48;47;44;50;56;43;..;..;..;..;..;..;821;719;718;679;752;763;841;781;799;850;848;803;808;791;788;804;766;780;712;717;..;..;..;..;..;..;909;797;794;767;846;856;929;868;876;913;903;855;870;841;836;851;810;830;768;760;..;..;..;..;..;..
"2505 Arvidsjaur";60;62;59;74;89;68;72;79;65;44;61;40;20;16;17;31;19;25;26;19;..;..;..;..;..;..;724;744;538;577;731;697;1009;760;848;676;644;669;720;595;536;642;513;565;460;424;..;..;..;..;..;..;784;806;597;651;820;765;1081;839;913;720;705;709;740;611;553;673;532;590;486;443;..;..;..;..;..;..
"2506 Arjeplog";38;54;143;117;73;73;92;38;32;48;34;43;30;33;21;29;14;9;14;14;..;..;..;..;..;..;721;748;530;810;791;682;754;623;702;776;680;586;773;718;570;582;568;572;567;528;..;..;..;..;..;..;759;802;673;927;864;755;846;661;734;824;714;629;803;751;591;611;582;581;581;542;..;..;..;..;..;..
"2510 Jokkmokk";100;67;77;102;68;77;59;71;83;51;65;44;30;55;52;64;55;58;62;45;..;..;..;..;..;..;699;613;754;756;776;746;687;590;765;575;772;882;659;669;828;750;687;766;696;669;..;..;..;..;..;..;799;680;831;858;844;823;746;661;848;626;837;926;689;724;880;814;742;824;758;714;..;..;..;..;..;..
"2513 �verkalix";97;64;58;40;81;102;73;101;60;65;64;81;52;49;53;56;14;23;43;33;..;..;..;..;..;..;791;585;568;596;709;865;964;1001;873;667;815;883;904;638;788;781;791;630;678;593;..;..;..;..;..;..;888;649;626;636;790;967;1037;1102;933;732;879;964;956;687;841;837;805;653;721;626;..;..;..;..;..;..
"2514 Kalix";102;78;88;92;77;113;96;86;78;81;59;58;60;65;59;53;44;52;39;30;..;..;..;..;..;..;776;771;657;812;848;1033;961;930;902;963;909;952;849;740;760;669;497;600;543;484;..;..;..;..;..;..;878;849;745;904;925;1146;1057;1016;980;1044;968;1010;909;805;819;722;541;652;582;514;..;..;..;..;..;..
"2518 �vertorne�";67;59;53;52;123;47;93;66;66;60;50;60;58;48;36;42;74;51;47;43;..;..;..;..;..;..;624;516;567;468;781;518;594;645;439;592;783;696;662;526;456;425;610;477;538;423;..;..;..;..;..;..;691;575;620;520;904;565;687;711;505;652;833;756;720;574;492;467;684;528;585;466;..;..;..;..;..;..
"2521 Pajala";42;44;60;53;51;40;47;46;44;44;35;26;32;39;38;28;18;22;33;20;..;..;..;..;..;..;456;521;541;494;454;418;525;468;457;410;449;442;411;406;404;391;405;339;270;325;..;..;..;..;..;..;498;565;601;547;505;458;572;514;501;454;484;468;443;445;442;419;423;361;303;345;..;..;..;..;..;..
"2523 G�llivare";89;66;96;122;104;105;127;118;94;86;88;89;83;79;67;55;58;69;59;42;..;..;..;..;..;..;708;692;757;691;867;1074;1067;863;970;946;904;956;837;909;773;856;796;666;702;653;..;..;..;..;..;..;797;758;853;813;971;1179;1194;981;1064;1032;992;1045;920;988;840;911;854;735;761;695;..;..;..;..;..;..
"2560 �lvsbyn";78;69;57;70;66;54;50;70;74;59;73;50;32;52;31;46;31;26;37;12;..;..;..;..;..;..;710;684;697;543;692;766;726;653;710;646;837;756;681;627;637;568;615;555;445;545;..;..;..;..;..;..;788;753;754;613;758;820;776;723;784;705;910;806;713;679;668;614;646;581;482;557;..;..;..;..;..;..
"2580 Lule�";71;79;89;95;109;114;110;99;96;101;104;97;78;67;62;66;53;52;46;52;..;..;..;..;..;..;961;894;932;947;1003;1107;1196;1107;1136;1212;1207;1263;1154;1087;1048;1035;905;946;980;887;..;..;..;..;..;..;1032;973;1021;1042;1112;1221;1306;1206;1232;1313;1311;1360;1232;1154;1110;1101;958;998;1026;939;..;..;..;..;..;..
"2581 Pite�";48;67;59;68;67;69;90;68;69;74;65;62;58;58;52;39;41;36;39;40;..;..;..;..;..;..;986;641;574;674;734;746;868;837;799;770;842;984;933;905;894;732;676;678;609;592;..;..;..;..;..;..;1034;708;633;742;801;815;958;905;868;844;907;1046;991;963;946;771;717;714;648;632;..;..;..;..;..;..
"2582 Boden";113;144;115;153;178;144;146;138;121;103;101;89;73;58;75;62;57;54;62;68;..;..;..;..;..;..;837;711;806;1019;1161;1073;1159;1028;1095;881;960;1059;1100;922;1046;1041;1052;855;1056;826;..;..;..;..;..;..;950;855;921;1172;1339;1217;1305;1166;1216;984;1061;1148;1173;980;1121;1103;1109;909;1118;894;..;..;..;..;..;..
"2583 Haparanda";124;112;93;102;135;128;108;95;89;119;98;110;110;100;95;95;97;109;56;68;..;..;..;..;..;..;1043;913;893;787;983;1042;980;912;1022;974;1054;867;898;943;734;997;746;927;861;855;..;..;..;..;..;..;1167;1025;986;889;1118;1170;1088;1007;1111;1093;1152;977;1008;1043;829;1092;843;1036;917;923;..;..;..;..;..;..
"2584 Kiruna";76;77;96;94;98;98;96;99;104;95;82;76;84;74;45;51;57;61;63;56;..;..;..;..;..;..;616;659;677;678;728;815;718;697;826;686;754;951;945;835;508;514;549;460;684;527;..;..;..;..;..;..;692;736;773;772;826;913;814;796;930;781;836;1027;1029;909;553;565;606;521;747;583;..;..;..;..;..;..
